序号,碳数,SMILES
1,4,C[N+](C)(C)C
2,5,CC[N+](C)(C)C
3,6,CC(C)[N+](C)(C)C
4,6,CCC[N+](C)(C)C
5,6,CC[N+](C)(C)CC
6,7,CC(C)(C)[N+](C)(C)C
7,7,CC(C)C[N+](C)(C)C
8,7,CCCC[N+](C)(C)C
9,7,CCC[N+](C)(C)CC
10,7,CC[N+](C)(C)C(C)C
11,7,CC[N+](C)(CC)CC
12,8,CC(C)CC[N+](C)(C)C
13,8,CC(C)[N+](C)(C)C(C)C
14,8,CCC(C)C[N+](C)(C)C
15,8,CCCC(C)[N+](C)(C)C
16,8,CCCCC[N+](C)(C)C
17,8,CCCC[N+](C)(C)CC
18,8,CCC[N+](C)(C)C(C)C
19,8,CCC[N+](C)(C)CCC
20,8,CCC[N+](C)(CC)CC
21,8,CC[N+](C)(C)C(C)(C)C
22,8,CC[N+](C)(C)CC(C)C
23,8,CC[N+](C)(CC)C(C)C
24,8,CC[N+](CC)(CC)CC
25,9,CC(C)C[N+](C)(C)C(C)C
26,9,CC(C)[N+](C)(C)C(C)(C)C
27,9,CCC(C)C[N+](C)(C)CC
28,9,CCCC(C)[N+](C)(C)CC
29,9,CCCCCC[N+](C)(C)C
30,9,CCCCC[N+](C)(C)CC
31,9,CCCC[N+](C)(C)C(C)C
32,9,CCCC[N+](C)(C)CCC
33,9,CCCC[N+](C)(CC)CC
34,9,CCC[N+](C)(C)C(C)(C)C
35,9,CCC[N+](C)(C)CC(C)C
36,9,CCC[N+](C)(CC)C(C)C
37,9,CCC[N+](C)(CC)CCC
38,9,CCC[N+](CC)(CC)CC
39,9,CC[N+](C)(C(C)C)C(C)C
40,9,CC[N+](C)(C)CCC(C)C
41,9,CC[N+](C)(CC)C(C)(C)C
42,9,CC[N+](C)(CC)CC(C)C
43,9,CC[N+](CC)(CC)C(C)C
44,10,CC(C)(C)[N+](C)(C)C(C)(C)C
45,10,CC(C)CC[N+](C)(C)C(C)C
46,10,CC(C)C[N+](C)(C)C(C)(C)C
47,10,CC(C)C[N+](C)(C)CC(C)C
48,10,CC(C)[N+](C)(C(C)C)C(C)C
49,10,CCC(C)C[N+](C)(C)C(C)C
50,10,CCC(C)C[N+](C)(CC)CC
51,10,CCCC(C)[N+](C)(C)C(C)C
52,10,CCCC(C)[N+](C)(C)CCC
53,10,CCCC(C)[N+](C)(CC)CC
54,10,CCCCCCC[N+](C)(C)C
55,10,CCCCCC[N+](C)(C)CC
56,10,CCCCC[N+](C)(C)C(C)C
57,10,CCCCC[N+](C)(C)CCC
58,10,CCCCC[N+](C)(CC)CC
59,10,CCCC[N+](C)(C)C(C)(C)C
60,10,CCCC[N+](C)(C)CC(C)C
61,10,CCCC[N+](C)(C)CCCC
62,10,CCCC[N+](C)(CC)C(C)C
63,10,CCCC[N+](C)(CC)CCC
64,10,CCCC[N+](CC)(CC)CC
65,10,CCC[N+](C)(C(C)C)C(C)C
66,10,CCC[N+](C)(C)CC(C)CC
67,10,CCC[N+](C)(C)CCC(C)C
68,10,CCC[N+](C)(CC)C(C)(C)C
69,10,CCC[N+](C)(CC)CC(C)C
70,10,CCC[N+](C)(CCC)C(C)C
71,10,CCC[N+](C)(CCC)CCC
72,10,CCC[N+](CC)(CC)C(C)C
73,10,CCC[N+](CC)(CC)CCC
74,10,CC[N+](C)(C(C)C)C(C)(C)C
75,10,CC[N+](C)(CC(C)C)C(C)C
76,10,CC[N+](C)(CC)CCC(C)C
77,10,CC[N+](CC)(C(C)C)C(C)C
78,10,CC[N+](CC)(CC)C(C)(C)C
79,10,CC[N+](CC)(CC)CC(C)C
80,11,CC(C)CC[N+](C)(C)C(C)(C)C
81,11,CC(C)CC[N+](C)(C)CC(C)C
82,11,CC(C)C[N+](C)(C(C)C)C(C)C
83,11,CC(C)[N+](C)(C(C)C)C(C)(C)C
84,11,CCC(C)C[N+](C)(C)C(C)(C)C
85,11,CCC(C)C[N+](C)(C)CC(C)C
86,11,CCC(C)C[N+](C)(CC)C(C)C
87,11,CCC(C)C[N+](CC)(CC)CC
88,11,CCCC(C)[N+](C)(C)C(C)(C)C
89,11,CCCC(C)[N+](C)(C)CC(C)C
90,11,CCCC(C)[N+](C)(CC)C(C)C
91,11,CCCC(C)[N+](C)(CC)CCC
92,11,CCCC(C)[N+](CC)(CC)CC
93,11,CCCCCCC[N+](C)(C)CC
94,11,CCCCCC[N+](C)(C)C(C)C
95,11,CCCCCC[N+](C)(C)CCC
96,11,CCCCCC[N+](C)(CC)CC
97,11,CCCCC[N+](C)(C)C(C)(C)C
98,11,CCCCC[N+](C)(C)CC(C)C
99,11,CCCCC[N+](C)(C)CCCC
100,11,CCCCC[N+](C)(CC)C(C)C
101,11,CCCCC[N+](C)(CC)CCC
102,11,CCCCC[N+](CC)(CC)CC
103,11,CCCC[N+](C)(C(C)C)C(C)C
104,11,CCCC[N+](C)(C)C(C)CCC
105,11,CCCC[N+](C)(C)CC(C)CC
106,11,CCCC[N+](C)(C)CCC(C)C
107,11,CCCC[N+](C)(CC)C(C)(C)C
108,11,CCCC[N+](C)(CC)CC(C)C
109,11,CCCC[N+](C)(CC)CCCC
110,11,CCCC[N+](C)(CCC)C(C)C
111,11,CCCC[N+](C)(CCC)CCC
112,11,CCCC[N+](CC)(CC)C(C)C
113,11,CCCC[N+](CC)(CC)CCC
114,11,CCC[N+](C)(C(C)C)C(C)(C)C
115,11,CCC[N+](C)(CC(C)C)C(C)C
116,11,CCC[N+](C)(CC)CC(C)CC
117,11,CCC[N+](C)(CC)CCC(C)C
118,11,CCC[N+](C)(CCC)C(C)(C)C
119,11,CCC[N+](C)(CCC)CC(C)C
120,11,CCC[N+](CC)(C(C)C)C(C)C
121,11,CCC[N+](CC)(CC)C(C)(C)C
122,11,CCC[N+](CC)(CC)CC(C)C
123,11,CCC[N+](CC)(CCC)C(C)C
124,11,CCC[N+](CC)(CCC)CCC
125,11,CC[N+](C(C)C)(C(C)C)C(C)C
126,11,CC[N+](C)(C(C)(C)C)C(C)(C)C
127,11,CC[N+](C)(CC(C)C)C(C)(C)C
128,11,CC[N+](C)(CC(C)C)CC(C)C
129,11,CC[N+](C)(CCC(C)C)C(C)C
130,11,CC[N+](CC)(C(C)C)C(C)(C)C
131,11,CC[N+](CC)(CC(C)C)C(C)C
132,11,CC[N+](CC)(CC)CCC(C)C
133,12,CC(C)CC[N+](C)(C(C)C)C(C)C
134,12,CC(C)CC[N+](C)(C)CCC(C)C
135,12,CC(C)C[N+](C)(C(C)C)C(C)(C)C
136,12,CC(C)C[N+](C)(CC(C)C)C(C)C
137,12,CC(C)[N+](C(C)C)(C(C)C)C(C)C
138,12,CC(C)[N+](C)(C(C)(C)C)C(C)(C)C
139,12,CCC(C)C[N+](C)(C(C)C)C(C)C
140,12,CCC(C)C[N+](C)(C)CC(C)CC
141,12,CCC(C)C[N+](C)(C)CCC(C)C
142,12,CCC(C)C[N+](C)(CC)C(C)(C)C
143,12,CCC(C)C[N+](C)(CC)CC(C)C
144,12,CCC(C)C[N+](CC)(CC)C(C)C
145,12,CCCC(C)[N+](C)(C(C)C)C(C)C
146,12,CCCC(C)[N+](C)(C)C(C)CCC
147,12,CCCC(C)[N+](C)(C)CC(C)CC
148,12,CCCC(C)[N+](C)(C)CCC(C)C
149,12,CCCC(C)[N+](C)(CC)C(C)(C)C
150,12,CCCC(C)[N+](C)(CC)CC(C)C
151,12,CCCC(C)[N+](C)(CCC)C(C)C
152,12,CCCC(C)[N+](C)(CCC)CCC
153,12,CCCC(C)[N+](CC)(CC)C(C)C
154,12,CCCC(C)[N+](CC)(CC)CCC
155,12,CCCCCCC[N+](C)(C)C(C)C
156,12,CCCCCCC[N+](C)(C)CCC
157,12,CCCCCCC[N+](C)(CC)CC
158,12,CCCCCC[N+](C)(C)C(C)(C)C
159,12,CCCCCC[N+](C)(C)CC(C)C
160,12,CCCCCC[N+](C)(C)CCCC
161,12,CCCCCC[N+](C)(CC)C(C)C
162,12,CCCCCC[N+](C)(CC)CCC
163,12,CCCCCC[N+](CC)(CC)CC
164,12,CCCCC[N+](C)(C(C)C)C(C)C
165,12,CCCCC[N+](C)(C)C(C)CCC
166,12,CCCCC[N+](C)(C)CC(C)CC
167,12,CCCCC[N+](C)(C)CCC(C)C
168,12,CCCCC[N+](C)(C)CCCCC
169,12,CCCCC[N+](C)(CC)C(C)(C)C
170,12,CCCCC[N+](C)(CC)CC(C)C
171,12,CCCCC[N+](C)(CC)CCCC
172,12,CCCCC[N+](C)(CCC)C(C)C
173,12,CCCCC[N+](C)(CCC)CCC
174,12,CCCCC[N+](CC)(CC)C(C)C
175,12,CCCCC[N+](CC)(CC)CCC
176,12,CCCC[N+](C)(C(C)C)C(C)(C)C
177,12,CCCC[N+](C)(CC(C)C)C(C)C
178,12,CCCC[N+](C)(CC)C(C)CCC
179,12,CCCC[N+](C)(CC)CC(C)CC
180,12,CCCC[N+](C)(CC)CCC(C)C
181,12,CCCC[N+](C)(CCC)C(C)(C)C
182,12,CCCC[N+](C)(CCC)CC(C)C
183,12,CCCC[N+](C)(CCC)CCCC
184,12,CCCC[N+](C)(CCCC)C(C)C
185,12,CCCC[N+](CC)(C(C)C)C(C)C
186,12,CCCC[N+](CC)(CC)C(C)(C)C
187,12,CCCC[N+](CC)(CC)CC(C)C
188,12,CCCC[N+](CC)(CC)CCCC
189,12,CCCC[N+](CC)(CCC)C(C)C
190,12,CCCC[N+](CC)(CCC)CCC
191,12,CCC[N+](C(C)C)(C(C)C)C(C)C
192,12,CCC[N+](C)(C(C)(C)C)C(C)(C)C
193,12,CCC[N+](C)(CC(C)C)C(C)(C)C
194,12,CCC[N+](C)(CC(C)C)CC(C)C
195,12,CCC[N+](C)(CC(C)CC)C(C)C
196,12,CCC[N+](C)(CCC(C)C)C(C)C
197,12,CCC[N+](C)(CCC)CC(C)CC
198,12,CCC[N+](C)(CCC)CCC(C)C
199,12,CCC[N+](CC)(C(C)C)C(C)(C)C
200,12,CCC[N+](CC)(CC(C)C)C(C)C
201,12,CCC[N+](CC)(CC)CC(C)CC
202,12,CCC[N+](CC)(CC)CCC(C)C
203,12,CCC[N+](CC)(CCC)C(C)(C)C
204,12,CCC[N+](CC)(CCC)CC(C)C
205,12,CCC[N+](CCC)(C(C)C)C(C)C
206,12,CCC[N+](CCC)(CCC)C(C)C
207,12,CCC[N+](CCC)(CCC)CCC
208,12,CC[N+](C(C)C)(C(C)C)C(C)(C)C
209,12,CC[N+](C)(CCC(C)C)C(C)(C)C
210,12,CC[N+](C)(CCC(C)C)CC(C)C
211,12,CC[N+](CC(C)C)(C(C)C)C(C)C
212,12,CC[N+](CC)(C(C)(C)C)C(C)(C)C
213,12,CC[N+](CC)(CC(C)C)C(C)(C)C
214,12,CC[N+](CC)(CC(C)C)CC(C)C
215,12,CC[N+](CC)(CCC(C)C)C(C)C
216,13,CC(C)(C)[N+](C)(C(C)(C)C)C(C)(C)C
217,13,CC(C)CC[N+](C)(C(C)C)C(C)(C)C
218,13,CC(C)CC[N+](C)(CC(C)C)C(C)C
219,13,CC(C)C[N+](C(C)C)(C(C)C)C(C)C
220,13,CC(C)C[N+](C)(C(C)(C)C)C(C)(C)C
221,13,CC(C)C[N+](C)(CC(C)C)C(C)(C)C
222,13,CC(C)C[N+](C)(CC(C)C)CC(C)C
223,13,CC(C)[N+](C(C)C)(C(C)C)C(C)(C)C
224,13,CCC(C)C[N+](C)(C(C)C)C(C)(C)C
225,13,CCC(C)C[N+](C)(CC(C)C)C(C)C
226,13,CCC(C)C[N+](C)(CC)CC(C)CC
227,13,CCC(C)C[N+](C)(CC)CCC(C)C
228,13,CCC(C)C[N+](CC)(C(C)C)C(C)C
229,13,CCC(C)C[N+](CC)(CC)C(C)(C)C
230,13,CCC(C)C[N+](CC)(CC)CC(C)C
231,13,CCCC(C)[N+](C)(C(C)C)C(C)(C)C
232,13,CCCC(C)[N+](C)(CC(C)C)C(C)C
233,13,CCCC(C)[N+](C)(CC)C(C)CCC
234,13,CCCC(C)[N+](C)(CC)CC(C)CC
235,13,CCCC(C)[N+](C)(CC)CCC(C)C
236,13,CCCC(C)[N+](C)(CCC)C(C)(C)C
237,13,CCCC(C)[N+](C)(CCC)CC(C)C
238,13,CCCC(C)[N+](CC)(C(C)C)C(C)C
239,13,CCCC(C)[N+](CC)(CC)C(C)(C)C
240,13,CCCC(C)[N+](CC)(CC)CC(C)C
241,13,CCCC(C)[N+](CC)(CCC)C(C)C
242,13,CCCC(C)[N+](CC)(CCC)CCC
243,13,CCCCCCC[N+](C)(C)C(C)(C)C
244,13,CCCCCCC[N+](C)(C)CC(C)C
245,13,CCCCCCC[N+](C)(C)CCCC
246,13,CCCCCCC[N+](C)(CC)C(C)C
247,13,CCCCCCC[N+](C)(CC)CCC
248,13,CCCCCCC[N+](CC)(CC)CC
249,13,CCCCCC[N+](C)(C(C)C)C(C)C
250,13,CCCCCC[N+](C)(C)C(C)CCC
251,13,CCCCCC[N+](C)(C)CC(C)CC
252,13,CCCCCC[N+](C)(C)CCC(C)C
253,13,CCCCCC[N+](C)(C)CCCCC
254,13,CCCCCC[N+](C)(CC)C(C)(C)C
255,13,CCCCCC[N+](C)(CC)CC(C)C
256,13,CCCCCC[N+](C)(CC)CCCC
257,13,CCCCCC[N+](C)(CCC)C(C)C
258,13,CCCCCC[N+](C)(CCC)CCC
259,13,CCCCCC[N+](CC)(CC)C(C)C
260,13,CCCCCC[N+](CC)(CC)CCC
261,13,CCCCC[N+](C)(C(C)C)C(C)(C)C
262,13,CCCCC[N+](C)(CC(C)C)C(C)C
263,13,CCCCC[N+](C)(CC)C(C)CCC
264,13,CCCCC[N+](C)(CC)CC(C)CC
265,13,CCCCC[N+](C)(CC)CCC(C)C
266,13,CCCCC[N+](C)(CC)CCCCC
267,13,CCCCC[N+](C)(CCC)C(C)(C)C
268,13,CCCCC[N+](C)(CCC)CC(C)C
269,13,CCCCC[N+](C)(CCC)CCCC
270,13,CCCCC[N+](C)(CCCC)C(C)C
271,13,CCCCC[N+](CC)(C(C)C)C(C)C
272,13,CCCCC[N+](CC)(CC)C(C)(C)C
273,13,CCCCC[N+](CC)(CC)CC(C)C
274,13,CCCCC[N+](CC)(CC)CCCC
275,13,CCCCC[N+](CC)(CCC)C(C)C
276,13,CCCCC[N+](CC)(CCC)CCC
277,13,CCCC[N+](C(C)C)(C(C)C)C(C)C
278,13,CCCC[N+](C)(C(C)(C)C)C(C)(C)C
279,13,CCCC[N+](C)(C(C)C)C(C)CCC
280,13,CCCC[N+](C)(CC(C)C)C(C)(C)C
281,13,CCCC[N+](C)(CC(C)C)CC(C)C
282,13,CCCC[N+](C)(CC(C)CC)C(C)C
283,13,CCCC[N+](C)(CCC(C)C)C(C)C
284,13,CCCC[N+](C)(CCC)C(C)CCC
285,13,CCCC[N+](C)(CCC)CC(C)CC
286,13,CCCC[N+](C)(CCC)CCC(C)C
287,13,CCCC[N+](C)(CCCC)C(C)(C)C
288,13,CCCC[N+](C)(CCCC)CC(C)C
289,13,CCCC[N+](C)(CCCC)CCCC
290,13,CCCC[N+](CC)(C(C)C)C(C)(C)C
291,13,CCCC[N+](CC)(CC(C)C)C(C)C
292,13,CCCC[N+](CC)(CC)C(C)CCC
293,13,CCCC[N+](CC)(CC)CC(C)CC
294,13,CCCC[N+](CC)(CC)CCC(C)C
295,13,CCCC[N+](CC)(CCC)C(C)(C)C
296,13,CCCC[N+](CC)(CCC)CC(C)C
297,13,CCCC[N+](CC)(CCC)CCCC
298,13,CCCC[N+](CC)(CCCC)C(C)C
299,13,CCCC[N+](CCC)(C(C)C)C(C)C
300,13,CCCC[N+](CCC)(CCC)C(C)C
301,13,CCCC[N+](CCC)(CCC)CCC
302,13,CCC[N+](C(C)C)(C(C)C)C(C)(C)C
303,13,CCC[N+](C)(CC(C)C)CC(C)CC
304,13,CCC[N+](C)(CC(C)CC)C(C)(C)C
305,13,CCC[N+](C)(CCC(C)C)C(C)(C)C
306,13,CCC[N+](C)(CCC(C)C)CC(C)C
307,13,CCC[N+](CC(C)C)(C(C)C)C(C)C
308,13,CCC[N+](CC)(C(C)(C)C)C(C)(C)C
309,13,CCC[N+](CC)(CC(C)C)C(C)(C)C
310,13,CCC[N+](CC)(CC(C)C)CC(C)C
311,13,CCC[N+](CC)(CC(C)CC)C(C)C
312,13,CCC[N+](CC)(CCC(C)C)C(C)C
313,13,CCC[N+](CC)(CCC)CC(C)CC
314,13,CCC[N+](CC)(CCC)CCC(C)C
315,13,CCC[N+](CCC)(C(C)C)C(C)(C)C
316,13,CCC[N+](CCC)(CC(C)C)C(C)C
317,13,CCC[N+](CCC)(CCC)C(C)(C)C
318,13,CCC[N+](CCC)(CCC)CC(C)C
319,13,CC[N+](C(C)C)(C(C)(C)C)C(C)(C)C
320,13,CC[N+](C)(CCC(C)C)CCC(C)C
321,13,CC[N+](CC(C)C)(C(C)C)C(C)(C)C
322,13,CC[N+](CC(C)C)(CC(C)C)C(C)C
323,13,CC[N+](CC)(CCC(C)C)C(C)(C)C
324,13,CC[N+](CC)(CCC(C)C)CC(C)C
325,13,CC[N+](CCC(C)C)(C(C)C)C(C)C
326,14,CC(C)CC[N+](C(C)C)(C(C)C)C(C)C
327,14,CC(C)CC[N+](C)(C(C)(C)C)C(C)(C)C
328,14,CC(C)CC[N+](C)(CC(C)C)C(C)(C)C
329,14,CC(C)CC[N+](C)(CC(C)C)CC(C)C
330,14,CC(C)CC[N+](C)(CCC(C)C)C(C)C
331,14,CC(C)C[N+](C(C)C)(C(C)C)C(C)(C)C
332,14,CC(C)C[N+](CC(C)C)(C(C)C)C(C)C
333,14,CC(C)[N+](C(C)C)(C(C)(C)C)C(C)(C)C
334,14,CCC(C)C[N+](C(C)C)(C(C)C)C(C)C
335,14,CCC(C)C[N+](C)(C(C)(C)C)C(C)(C)C
336,14,CCC(C)C[N+](C)(CC(C)C)C(C)(C)C
337,14,CCC(C)C[N+](C)(CC(C)C)CC(C)C
338,14,CCC(C)C[N+](C)(CC(C)CC)C(C)C
339,14,CCC(C)C[N+](C)(CCC(C)C)C(C)C
340,14,CCC(C)C[N+](CC)(C(C)C)C(C)(C)C
341,14,CCC(C)C[N+](CC)(CC(C)C)C(C)C
342,14,CCC(C)C[N+](CC)(CC)CC(C)CC
343,14,CCC(C)C[N+](CC)(CC)CCC(C)C
344,14,CCCC(C)[N+](C(C)C)(C(C)C)C(C)C
345,14,CCCC(C)[N+](C)(C(C)(C)C)C(C)(C)C
346,14,CCCC(C)[N+](C)(C(C)C)C(C)CCC
347,14,CCCC(C)[N+](C)(CC(C)C)C(C)(C)C
348,14,CCCC(C)[N+](C)(CC(C)C)CC(C)C
349,14,CCCC(C)[N+](C)(CC(C)CC)C(C)C
350,14,CCCC(C)[N+](C)(CCC(C)C)C(C)C
351,14,CCCC(C)[N+](C)(CCC)C(C)CCC
352,14,CCCC(C)[N+](C)(CCC)CC(C)CC
353,14,CCCC(C)[N+](C)(CCC)CCC(C)C
354,14,CCCC(C)[N+](CC)(C(C)C)C(C)(C)C
355,14,CCCC(C)[N+](CC)(CC(C)C)C(C)C
356,14,CCCC(C)[N+](CC)(CC)C(C)CCC
357,14,CCCC(C)[N+](CC)(CC)CC(C)CC
358,14,CCCC(C)[N+](CC)(CC)CCC(C)C
359,14,CCCC(C)[N+](CC)(CCC)C(C)(C)C
360,14,CCCC(C)[N+](CC)(CCC)CC(C)C
361,14,CCCC(C)[N+](CCC)(C(C)C)C(C)C
362,14,CCCC(C)[N+](CCC)(CCC)C(C)C
363,14,CCCC(C)[N+](CCC)(CCC)CCC
364,14,CCCCCCC[N+](C)(C(C)C)C(C)C
365,14,CCCCCCC[N+](C)(C)C(C)CCC
366,14,CCCCCCC[N+](C)(C)CC(C)CC
367,14,CCCCCCC[N+](C)(C)CCC(C)C
368,14,CCCCCCC[N+](C)(C)CCCCC
369,14,CCCCCCC[N+](C)(CC)C(C)(C)C
370,14,CCCCCCC[N+](C)(CC)CC(C)C
371,14,CCCCCCC[N+](C)(CC)CCCC
372,14,CCCCCCC[N+](C)(CCC)C(C)C
373,14,CCCCCCC[N+](C)(CCC)CCC
374,14,CCCCCCC[N+](CC)(CC)C(C)C
375,14,CCCCCCC[N+](CC)(CC)CCC
376,14,CCCCCC[N+](C)(C(C)C)C(C)(C)C
377,14,CCCCCC[N+](C)(C)CCCCCC
378,14,CCCCCC[N+](C)(CC(C)C)C(C)C
379,14,CCCCCC[N+](C)(CC)C(C)CCC
380,14,CCCCCC[N+](C)(CC)CC(C)CC
381,14,CCCCCC[N+](C)(CC)CCC(C)C
382,14,CCCCCC[N+](C)(CC)CCCCC
383,14,CCCCCC[N+](C)(CCC)C(C)(C)C
384,14,CCCCCC[N+](C)(CCC)CC(C)C
385,14,CCCCCC[N+](C)(CCC)CCCC
386,14,CCCCCC[N+](C)(CCCC)C(C)C
387,14,CCCCCC[N+](CC)(C(C)C)C(C)C
388,14,CCCCCC[N+](CC)(CC)C(C)(C)C
389,14,CCCCCC[N+](CC)(CC)CC(C)C
390,14,CCCCCC[N+](CC)(CC)CCCC
391,14,CCCCCC[N+](CC)(CCC)C(C)C
392,14,CCCCCC[N+](CC)(CCC)CCC
393,14,CCCCC[N+](C(C)C)(C(C)C)C(C)C
394,14,CCCCC[N+](C)(C(C)(C)C)C(C)(C)C
395,14,CCCCC[N+](C)(C(C)C)C(C)CCC
396,14,CCCCC[N+](C)(CC(C)C)C(C)(C)C
397,14,CCCCC[N+](C)(CC(C)C)CC(C)C
398,14,CCCCC[N+](C)(CC(C)CC)C(C)C
399,14,CCCCC[N+](C)(CCC(C)C)C(C)C
400,14,CCCCC[N+](C)(CCC)C(C)CCC
401,14,CCCCC[N+](C)(CCC)CC(C)CC
402,14,CCCCC[N+](C)(CCC)CCC(C)C
403,14,CCCCC[N+](C)(CCC)CCCCC
404,14,CCCCC[N+](C)(CCCC)C(C)(C)C
405,14,CCCCC[N+](C)(CCCC)CC(C)C
406,14,CCCCC[N+](C)(CCCC)CCCC
407,14,CCCCC[N+](C)(CCCCC)C(C)C
408,14,CCCCC[N+](CC)(C(C)C)C(C)(C)C
409,14,CCCCC[N+](CC)(CC(C)C)C(C)C
410,14,CCCCC[N+](CC)(CC)C(C)CCC
411,14,CCCCC[N+](CC)(CC)CC(C)CC
412,14,CCCCC[N+](CC)(CC)CCC(C)C
413,14,CCCCC[N+](CC)(CC)CCCCC
414,14,CCCCC[N+](CC)(CCC)C(C)(C)C
415,14,CCCCC[N+](CC)(CCC)CC(C)C
416,14,CCCCC[N+](CC)(CCC)CCCC
417,14,CCCCC[N+](CC)(CCCC)C(C)C
418,14,CCCCC[N+](CCC)(C(C)C)C(C)C
419,14,CCCCC[N+](CCC)(CCC)C(C)C
420,14,CCCCC[N+](CCC)(CCC)CCC
421,14,CCCC[N+](C(C)C)(C(C)C)C(C)(C)C
422,14,CCCC[N+](C)(C(C)CCC)C(C)(C)C
423,14,CCCC[N+](C)(CC(C)C)C(C)CCC
424,14,CCCC[N+](C)(CC(C)C)CC(C)CC
425,14,CCCC[N+](C)(CC(C)CC)C(C)(C)C
426,14,CCCC[N+](C)(CCC(C)C)C(C)(C)C
427,14,CCCC[N+](C)(CCC(C)C)CC(C)C
428,14,CCCC[N+](C)(CCCC)C(C)CCC
429,14,CCCC[N+](C)(CCCC)CC(C)CC
430,14,CCCC[N+](C)(CCCC)CCC(C)C
431,14,CCCC[N+](CC(C)C)(C(C)C)C(C)C
432,14,CCCC[N+](CC)(C(C)(C)C)C(C)(C)C
433,14,CCCC[N+](CC)(C(C)C)C(C)CCC
434,14,CCCC[N+](CC)(CC(C)C)C(C)(C)C
435,14,CCCC[N+](CC)(CC(C)C)CC(C)C
436,14,CCCC[N+](CC)(CC(C)CC)C(C)C
437,14,CCCC[N+](CC)(CCC(C)C)C(C)C
438,14,CCCC[N+](CC)(CCC)C(C)CCC
439,14,CCCC[N+](CC)(CCC)CC(C)CC
440,14,CCCC[N+](CC)(CCC)CCC(C)C
441,14,CCCC[N+](CC)(CCCC)C(C)(C)C
442,14,CCCC[N+](CC)(CCCC)CC(C)C
443,14,CCCC[N+](CC)(CCCC)CCCC
444,14,CCCC[N+](CCC)(C(C)C)C(C)(C)C
445,14,CCCC[N+](CCC)(CC(C)C)C(C)C
446,14,CCCC[N+](CCC)(CCC)C(C)(C)C
447,14,CCCC[N+](CCC)(CCC)CC(C)C
448,14,CCCC[N+](CCC)(CCC)CCCC
449,14,CCCC[N+](CCC)(CCCC)C(C)C
450,14,CCCC[N+](CCCC)(C(C)C)C(C)C
451,14,CCC[N+](C(C)C)(C(C)(C)C)C(C)(C)C
452,14,CCC[N+](C)(CC(C)CC)CC(C)CC
453,14,CCC[N+](C)(CCC(C)C)CC(C)CC
454,14,CCC[N+](C)(CCC(C)C)CCC(C)C
455,14,CCC[N+](CC(C)C)(C(C)C)C(C)(C)C
456,14,CCC[N+](CC(C)C)(CC(C)C)C(C)C
457,14,CCC[N+](CC(C)CC)(C(C)C)C(C)C
458,14,CCC[N+](CC)(CC(C)C)CC(C)CC
459,14,CCC[N+](CC)(CC(C)CC)C(C)(C)C
460,14,CCC[N+](CC)(CCC(C)C)C(C)(C)C
461,14,CCC[N+](CC)(CCC(C)C)CC(C)C
462,14,CCC[N+](CCC(C)C)(C(C)C)C(C)C
463,14,CCC[N+](CCC)(C(C)(C)C)C(C)(C)C
464,14,CCC[N+](CCC)(CC(C)C)C(C)(C)C
465,14,CCC[N+](CCC)(CC(C)C)CC(C)C
466,14,CCC[N+](CCC)(CC(C)CC)C(C)C
467,14,CCC[N+](CCC)(CCC(C)C)C(C)C
468,14,CCC[N+](CCC)(CCC)CC(C)CC
469,14,CCC[N+](CCC)(CCC)CCC(C)C
470,14,CC[N+](C(C)(C)C)(C(C)(C)C)C(C)(C)C
471,14,CC[N+](CC(C)C)(C(C)(C)C)C(C)(C)C
472,14,CC[N+](CC(C)C)(CC(C)C)C(C)(C)C
473,14,CC[N+](CC(C)C)(CC(C)C)CC(C)C
474,14,CC[N+](CC)(CCC(C)C)CCC(C)C
475,14,CC[N+](CCC(C)C)(C(C)C)C(C)(C)C
476,14,CC[N+](CCC(C)C)(CC(C)C)C(C)C
477,15,CC(C)CC[N+](C(C)C)(C(C)C)C(C)(C)C
478,15,CC(C)CC[N+](C)(CCC(C)C)C(C)(C)C
479,15,CC(C)CC[N+](C)(CCC(C)C)CC(C)C
480,15,CC(C)CC[N+](CC(C)C)(C(C)C)C(C)C
481,15,CC(C)C[N+](C(C)C)(C(C)(C)C)C(C)(C)C
482,15,CC(C)C[N+](CC(C)C)(C(C)C)C(C)(C)C
483,15,CC(C)C[N+](CC(C)C)(CC(C)C)C(C)C
484,15,CC(C)[N+](C(C)(C)C)(C(C)(C)C)C(C)(C)C
485,15,CCC(C)C[N+](C(C)C)(C(C)C)C(C)(C)C
486,15,CCC(C)C[N+](C)(CC(C)C)CC(C)CC
487,15,CCC(C)C[N+](C)(CC(C)CC)C(C)(C)C
488,15,CCC(C)C[N+](C)(CCC(C)C)C(C)(C)C
489,15,CCC(C)C[N+](C)(CCC(C)C)CC(C)C
490,15,CCC(C)C[N+](CC(C)C)(C(C)C)C(C)C
491,15,CCC(C)C[N+](CC)(C(C)(C)C)C(C)(C)C
492,15,CCC(C)C[N+](CC)(CC(C)C)C(C)(C)C
493,15,CCC(C)C[N+](CC)(CC(C)C)CC(C)C
494,15,CCC(C)C[N+](CC)(CC(C)CC)C(C)C
495,15,CCC(C)C[N+](CC)(CCC(C)C)C(C)C
496,15,CCCC(C)[N+](C(C)C)(C(C)C)C(C)(C)C
497,15,CCCC(C)[N+](C)(C(C)CCC)C(C)(C)C
498,15,CCCC(C)[N+](C)(CC(C)C)C(C)CCC
499,15,CCCC(C)[N+](C)(CC(C)C)CC(C)CC
500,15,CCCC(C)[N+](C)(CC(C)CC)C(C)(C)C
501,15,CCCC(C)[N+](C)(CCC(C)C)C(C)(C)C
502,15,CCCC(C)[N+](C)(CCC(C)C)CC(C)C
503,15,CCCC(C)[N+](CC(C)C)(C(C)C)C(C)C
504,15,CCCC(C)[N+](CC)(C(C)(C)C)C(C)(C)C
505,15,CCCC(C)[N+](CC)(C(C)C)C(C)CCC
506,15,CCCC(C)[N+](CC)(CC(C)C)C(C)(C)C
507,15,CCCC(C)[N+](CC)(CC(C)C)CC(C)C
508,15,CCCC(C)[N+](CC)(CC(C)CC)C(C)C
509,15,CCCC(C)[N+](CC)(CCC(C)C)C(C)C
510,15,CCCC(C)[N+](CC)(CCC)C(C)CCC
511,15,CCCC(C)[N+](CC)(CCC)CC(C)CC
512,15,CCCC(C)[N+](CC)(CCC)CCC(C)C
513,15,CCCC(C)[N+](CCC)(C(C)C)C(C)(C)C
514,15,CCCC(C)[N+](CCC)(CC(C)C)C(C)C
515,15,CCCC(C)[N+](CCC)(CCC)C(C)(C)C
516,15,CCCC(C)[N+](CCC)(CCC)CC(C)C
517,15,CCCCCCC[N+](C)(C(C)C)C(C)(C)C
518,15,CCCCCCC[N+](C)(C)CCCCCC
519,15,CCCCCCC[N+](C)(CC(C)C)C(C)C
520,15,CCCCCCC[N+](C)(CC)C(C)CCC
521,15,CCCCCCC[N+](C)(CC)CC(C)CC
522,15,CCCCCCC[N+](C)(CC)CCC(C)C
523,15,CCCCCCC[N+](C)(CC)CCCCC
524,15,CCCCCCC[N+](C)(CCC)C(C)(C)C
525,15,CCCCCCC[N+](C)(CCC)CC(C)C
526,15,CCCCCCC[N+](C)(CCC)CCCC
527,15,CCCCCCC[N+](C)(CCCC)C(C)C
528,15,CCCCCCC[N+](CC)(C(C)C)C(C)C
529,15,CCCCCCC[N+](CC)(CC)C(C)(C)C
530,15,CCCCCCC[N+](CC)(CC)CC(C)C
531,15,CCCCCCC[N+](CC)(CC)CCCC
532,15,CCCCCCC[N+](CC)(CCC)C(C)C
533,15,CCCCCCC[N+](CC)(CCC)CCC
534,15,CCCCCC[N+](C(C)C)(C(C)C)C(C)C
535,15,CCCCCC[N+](C)(C(C)(C)C)C(C)(C)C
536,15,CCCCCC[N+](C)(C(C)C)C(C)CCC
537,15,CCCCCC[N+](C)(CC(C)C)C(C)(C)C
538,15,CCCCCC[N+](C)(CC(C)C)CC(C)C
539,15,CCCCCC[N+](C)(CC(C)CC)C(C)C
540,15,CCCCCC[N+](C)(CC)CCCCCC
541,15,CCCCCC[N+](C)(CCC(C)C)C(C)C
542,15,CCCCCC[N+](C)(CCC)C(C)CCC
543,15,CCCCCC[N+](C)(CCC)CC(C)CC
544,15,CCCCCC[N+](C)(CCC)CCC(C)C
545,15,CCCCCC[N+](C)(CCC)CCCCC
546,15,CCCCCC[N+](C)(CCCC)C(C)(C)C
547,15,CCCCCC[N+](C)(CCCC)CC(C)C
548,15,CCCCCC[N+](C)(CCCC)CCCC
549,15,CCCCCC[N+](C)(CCCCC)C(C)C
550,15,CCCCCC[N+](CC)(C(C)C)C(C)(C)C
551,15,CCCCCC[N+](CC)(CC(C)C)C(C)C
552,15,CCCCCC[N+](CC)(CC)C(C)CCC
553,15,CCCCCC[N+](CC)(CC)CC(C)CC
554,15,CCCCCC[N+](CC)(CC)CCC(C)C
555,15,CCCCCC[N+](CC)(CC)CCCCC
556,15,CCCCCC[N+](CC)(CCC)C(C)(C)C
557,15,CCCCCC[N+](CC)(CCC)CC(C)C
558,15,CCCCCC[N+](CC)(CCC)CCCC
559,15,CCCCCC[N+](CC)(CCCC)C(C)C
560,15,CCCCCC[N+](CCC)(C(C)C)C(C)C
561,15,CCCCCC[N+](CCC)(CCC)C(C)C
562,15,CCCCCC[N+](CCC)(CCC)CCC
563,15,CCCCC[N+](C(C)C)(C(C)C)C(C)(C)C
564,15,CCCCC[N+](C)(C(C)CCC)C(C)(C)C
565,15,CCCCC[N+](C)(CC(C)C)C(C)CCC
566,15,CCCCC[N+](C)(CC(C)C)CC(C)CC
567,15,CCCCC[N+](C)(CC(C)CC)C(C)(C)C
568,15,CCCCC[N+](C)(CCC(C)C)C(C)(C)C
569,15,CCCCC[N+](C)(CCC(C)C)CC(C)C
570,15,CCCCC[N+](C)(CCCC)C(C)CCC
571,15,CCCCC[N+](C)(CCCC)CC(C)CC
572,15,CCCCC[N+](C)(CCCC)CCC(C)C
573,15,CCCCC[N+](C)(CCCC)CCCCC
574,15,CCCCC[N+](C)(CCCCC)C(C)(C)C
575,15,CCCCC[N+](C)(CCCCC)CC(C)C
576,15,CCCCC[N+](CC(C)C)(C(C)C)C(C)C
577,15,CCCCC[N+](CC)(C(C)(C)C)C(C)(C)C
578,15,CCCCC[N+](CC)(C(C)C)C(C)CCC
579,15,CCCCC[N+](CC)(CC(C)C)C(C)(C)C
580,15,CCCCC[N+](CC)(CC(C)C)CC(C)C
581,15,CCCCC[N+](CC)(CC(C)CC)C(C)C
582,15,CCCCC[N+](CC)(CCC(C)C)C(C)C
583,15,CCCCC[N+](CC)(CCC)C(C)CCC
584,15,CCCCC[N+](CC)(CCC)CC(C)CC
585,15,CCCCC[N+](CC)(CCC)CCC(C)C
586,15,CCCCC[N+](CC)(CCC)CCCCC
587,15,CCCCC[N+](CC)(CCCC)C(C)(C)C
588,15,CCCCC[N+](CC)(CCCC)CC(C)C
589,15,CCCCC[N+](CC)(CCCC)CCCC
590,15,CCCCC[N+](CC)(CCCCC)C(C)C
591,15,CCCCC[N+](CCC)(C(C)C)C(C)(C)C
592,15,CCCCC[N+](CCC)(CC(C)C)C(C)C
593,15,CCCCC[N+](CCC)(CCC)C(C)(C)C
594,15,CCCCC[N+](CCC)(CCC)CC(C)C
595,15,CCCCC[N+](CCC)(CCC)CCCC
596,15,CCCCC[N+](CCC)(CCCC)C(C)C
597,15,CCCCC[N+](CCCC)(C(C)C)C(C)C
598,15,CCCC[N+](C(C)C)(C(C)(C)C)C(C)(C)C
599,15,CCCC[N+](C(C)C)(C(C)C)C(C)CCC
600,15,CCCC[N+](C)(C(C)CCC)C(C)CCC
601,15,CCCC[N+](C)(CC(C)CC)C(C)CCC
602,15,CCCC[N+](C)(CC(C)CC)CC(C)CC
603,15,CCCC[N+](C)(CCC(C)C)C(C)CCC
604,15,CCCC[N+](C)(CCC(C)C)CC(C)CC
605,15,CCCC[N+](C)(CCC(C)C)CCC(C)C
606,15,CCCC[N+](CC(C)C)(C(C)C)C(C)(C)C
607,15,CCCC[N+](CC(C)C)(CC(C)C)C(C)C
608,15,CCCC[N+](CC(C)CC)(C(C)C)C(C)C
609,15,CCCC[N+](CC)(C(C)CCC)C(C)(C)C
610,15,CCCC[N+](CC)(CC(C)C)C(C)CCC
611,15,CCCC[N+](CC)(CC(C)C)CC(C)CC
612,15,CCCC[N+](CC)(CC(C)CC)C(C)(C)C
613,15,CCCC[N+](CC)(CCC(C)C)C(C)(C)C
614,15,CCCC[N+](CC)(CCC(C)C)CC(C)C
615,15,CCCC[N+](CC)(CCCC)C(C)CCC
616,15,CCCC[N+](CC)(CCCC)CC(C)CC
617,15,CCCC[N+](CC)(CCCC)CCC(C)C
618,15,CCCC[N+](CCC(C)C)(C(C)C)C(C)C
619,15,CCCC[N+](CCC)(C(C)(C)C)C(C)(C)C
620,15,CCCC[N+](CCC)(C(C)C)C(C)CCC
621,15,CCCC[N+](CCC)(CC(C)C)C(C)(C)C
622,15,CCCC[N+](CCC)(CC(C)C)CC(C)C
623,15,CCCC[N+](CCC)(CC(C)CC)C(C)C
624,15,CCCC[N+](CCC)(CCC(C)C)C(C)C
625,15,CCCC[N+](CCC)(CCC)C(C)CCC
626,15,CCCC[N+](CCC)(CCC)CC(C)CC
627,15,CCCC[N+](CCC)(CCC)CCC(C)C
628,15,CCCC[N+](CCC)(CCCC)C(C)(C)C
629,15,CCCC[N+](CCC)(CCCC)CC(C)C
630,15,CCCC[N+](CCC)(CCCC)CCCC
631,15,CCCC[N+](CCCC)(C(C)C)C(C)(C)C
632,15,CCCC[N+](CCCC)(CC(C)C)C(C)C
633,15,CCCC[N+](CCCC)(CCCC)C(C)C
634,15,CCC[N+](C(C)(C)C)(C(C)(C)C)C(C)(C)C
635,15,CCC[N+](CC(C)C)(C(C)(C)C)C(C)(C)C
636,15,CCC[N+](CC(C)C)(CC(C)C)C(C)(C)C
637,15,CCC[N+](CC(C)C)(CC(C)C)CC(C)C
638,15,CCC[N+](CC(C)C)(CC(C)CC)C(C)C
639,15,CCC[N+](CC(C)CC)(C(C)C)C(C)(C)C
640,15,CCC[N+](CC)(CC(C)CC)CC(C)CC
641,15,CCC[N+](CC)(CCC(C)C)CC(C)CC
642,15,CCC[N+](CC)(CCC(C)C)CCC(C)C
643,15,CCC[N+](CCC(C)C)(C(C)C)C(C)(C)C
644,15,CCC[N+](CCC(C)C)(CC(C)C)C(C)C
645,15,CCC[N+](CCC)(CC(C)C)CC(C)CC
646,15,CCC[N+](CCC)(CC(C)CC)C(C)(C)C
647,15,CCC[N+](CCC)(CCC(C)C)C(C)(C)C
648,15,CCC[N+](CCC)(CCC(C)C)CC(C)C
649,15,CC[N+](CCC(C)C)(C(C)(C)C)C(C)(C)C
650,15,CC[N+](CCC(C)C)(CC(C)C)C(C)(C)C
651,15,CC[N+](CCC(C)C)(CC(C)C)CC(C)C
652,15,CC[N+](CCC(C)C)(CCC(C)C)C(C)C
653,16,CC(C)(C)[N+](C(C)(C)C)(C(C)(C)C)C(C)(C)C
654,16,CC(C)CC[N+](C(C)C)(C(C)(C)C)C(C)(C)C
655,16,CC(C)CC[N+](C)(CCC(C)C)CCC(C)C
656,16,CC(C)CC[N+](CC(C)C)(C(C)C)C(C)(C)C
657,16,CC(C)CC[N+](CC(C)C)(CC(C)C)C(C)C
658,16,CC(C)CC[N+](CCC(C)C)(C(C)C)C(C)C
659,16,CC(C)C[N+](C(C)(C)C)(C(C)(C)C)C(C)(C)C
660,16,CC(C)C[N+](CC(C)C)(C(C)(C)C)C(C)(C)C
661,16,CC(C)C[N+](CC(C)C)(CC(C)C)C(C)(C)C
662,16,CC(C)C[N+](CC(C)C)(CC(C)C)CC(C)C
663,16,CCC(C)C[N+](C(C)C)(C(C)(C)C)C(C)(C)C
664,16,CCC(C)C[N+](C)(CC(C)CC)CC(C)CC
665,16,CCC(C)C[N+](C)(CCC(C)C)CC(C)CC
666,16,CCC(C)C[N+](C)(CCC(C)C)CCC(C)C
667,16,CCC(C)C[N+](CC(C)C)(C(C)C)C(C)(C)C
668,16,CCC(C)C[N+](CC(C)C)(CC(C)C)C(C)C
669,16,CCC(C)C[N+](CC(C)CC)(C(C)C)C(C)C
670,16,CCC(C)C[N+](CC)(CC(C)C)CC(C)CC
671,16,CCC(C)C[N+](CC)(CC(C)CC)C(C)(C)C
672,16,CCC(C)C[N+](CC)(CCC(C)C)C(C)(C)C
673,16,CCC(C)C[N+](CC)(CCC(C)C)CC(C)C
674,16,CCC(C)C[N+](CCC(C)C)(C(C)C)C(C)C
675,16,CCCC(C)[N+](C(C)C)(C(C)(C)C)C(C)(C)C
676,16,CCCC(C)[N+](C(C)C)(C(C)C)C(C)CCC
677,16,CCCC(C)[N+](C)(C(C)CCC)C(C)CCC
678,16,CCCC(C)[N+](C)(CC(C)CC)C(C)CCC
679,16,CCCC(C)[N+](C)(CC(C)CC)CC(C)CC
680,16,CCCC(C)[N+](C)(CCC(C)C)C(C)CCC
681,16,CCCC(C)[N+](C)(CCC(C)C)CC(C)CC
682,16,CCCC(C)[N+](C)(CCC(C)C)CCC(C)C
683,16,CCCC(C)[N+](CC(C)C)(C(C)C)C(C)(C)C
684,16,CCCC(C)[N+](CC(C)C)(CC(C)C)C(C)C
685,16,CCCC(C)[N+](CC(C)CC)(C(C)C)C(C)C
686,16,CCCC(C)[N+](CC)(C(C)CCC)C(C)(C)C
687,16,CCCC(C)[N+](CC)(CC(C)C)C(C)CCC
688,16,CCCC(C)[N+](CC)(CC(C)C)CC(C)CC
689,16,CCCC(C)[N+](CC)(CC(C)CC)C(C)(C)C
690,16,CCCC(C)[N+](CC)(CCC(C)C)C(C)(C)C
691,16,CCCC(C)[N+](CC)(CCC(C)C)CC(C)C
692,16,CCCC(C)[N+](CCC(C)C)(C(C)C)C(C)C
693,16,CCCC(C)[N+](CCC)(C(C)(C)C)C(C)(C)C
694,16,CCCC(C)[N+](CCC)(C(C)C)C(C)CCC
695,16,CCCC(C)[N+](CCC)(CC(C)C)C(C)(C)C
696,16,CCCC(C)[N+](CCC)(CC(C)C)CC(C)C
697,16,CCCC(C)[N+](CCC)(CC(C)CC)C(C)C
698,16,CCCC(C)[N+](CCC)(CCC(C)C)C(C)C
699,16,CCCC(C)[N+](CCC)(CCC)C(C)CCC
700,16,CCCC(C)[N+](CCC)(CCC)CC(C)CC
701,16,CCCC(C)[N+](CCC)(CCC)CCC(C)C
702,16,CCCCCCC[N+](C(C)C)(C(C)C)C(C)C
703,16,CCCCCCC[N+](C)(C(C)(C)C)C(C)(C)C
704,16,CCCCCCC[N+](C)(C(C)C)C(C)CCC
705,16,CCCCCCC[N+](C)(C)CCCCCCC
706,16,CCCCCCC[N+](C)(CC(C)C)C(C)(C)C
707,16,CCCCCCC[N+](C)(CC(C)C)CC(C)C
708,16,CCCCCCC[N+](C)(CC(C)CC)C(C)C
709,16,CCCCCCC[N+](C)(CC)CCCCCC
710,16,CCCCCCC[N+](C)(CCC(C)C)C(C)C
711,16,CCCCCCC[N+](C)(CCC)C(C)CCC
712,16,CCCCCCC[N+](C)(CCC)CC(C)CC
713,16,CCCCCCC[N+](C)(CCC)CCC(C)C
714,16,CCCCCCC[N+](C)(CCC)CCCCC
715,16,CCCCCCC[N+](C)(CCCC)C(C)(C)C
716,16,CCCCCCC[N+](C)(CCCC)CC(C)C
717,16,CCCCCCC[N+](C)(CCCC)CCCC
718,16,CCCCCCC[N+](C)(CCCCC)C(C)C
719,16,CCCCCCC[N+](CC)(C(C)C)C(C)(C)C
720,16,CCCCCCC[N+](CC)(CC(C)C)C(C)C
721,16,CCCCCCC[N+](CC)(CC)C(C)CCC
722,16,CCCCCCC[N+](CC)(CC)CC(C)CC
723,16,CCCCCCC[N+](CC)(CC)CCC(C)C
724,16,CCCCCCC[N+](CC)(CC)CCCCC
725,16,CCCCCCC[N+](CC)(CCC)C(C)(C)C
726,16,CCCCCCC[N+](CC)(CCC)CC(C)C
727,16,CCCCCCC[N+](CC)(CCC)CCCC
728,16,CCCCCCC[N+](CC)(CCCC)C(C)C
729,16,CCCCCCC[N+](CCC)(C(C)C)C(C)C
730,16,CCCCCCC[N+](CCC)(CCC)C(C)C
731,16,CCCCCCC[N+](CCC)(CCC)CCC
732,16,CCCCCC[N+](C(C)C)(C(C)C)C(C)(C)C
733,16,CCCCCC[N+](C)(C(C)CCC)C(C)(C)C
734,16,CCCCCC[N+](C)(CC(C)C)C(C)CCC
735,16,CCCCCC[N+](C)(CC(C)C)CC(C)CC
736,16,CCCCCC[N+](C)(CC(C)CC)C(C)(C)C
737,16,CCCCCC[N+](C)(CCC(C)C)C(C)(C)C
738,16,CCCCCC[N+](C)(CCC(C)C)CC(C)C
739,16,CCCCCC[N+](C)(CCC)CCCCCC
740,16,CCCCCC[N+](C)(CCCC)C(C)CCC
741,16,CCCCCC[N+](C)(CCCC)CC(C)CC
742,16,CCCCCC[N+](C)(CCCC)CCC(C)C
743,16,CCCCCC[N+](C)(CCCC)CCCCC
744,16,CCCCCC[N+](C)(CCCCC)C(C)(C)C
745,16,CCCCCC[N+](C)(CCCCC)CC(C)C
746,16,CCCCCC[N+](C)(CCCCCC)C(C)C
747,16,CCCCCC[N+](CC(C)C)(C(C)C)C(C)C
748,16,CCCCCC[N+](CC)(C(C)(C)C)C(C)(C)C
749,16,CCCCCC[N+](CC)(C(C)C)C(C)CCC
750,16,CCCCCC[N+](CC)(CC(C)C)C(C)(C)C
751,16,CCCCCC[N+](CC)(CC(C)C)CC(C)C
752,16,CCCCCC[N+](CC)(CC(C)CC)C(C)C
753,16,CCCCCC[N+](CC)(CC)CCCCCC
754,16,CCCCCC[N+](CC)(CCC(C)C)C(C)C
755,16,CCCCCC[N+](CC)(CCC)C(C)CCC
756,16,CCCCCC[N+](CC)(CCC)CC(C)CC
757,16,CCCCCC[N+](CC)(CCC)CCC(C)C
758,16,CCCCCC[N+](CC)(CCC)CCCCC
759,16,CCCCCC[N+](CC)(CCCC)C(C)(C)C
760,16,CCCCCC[N+](CC)(CCCC)CC(C)C
761,16,CCCCCC[N+](CC)(CCCC)CCCC
762,16,CCCCCC[N+](CC)(CCCCC)C(C)C
763,16,CCCCCC[N+](CCC)(C(C)C)C(C)(C)C
764,16,CCCCCC[N+](CCC)(CC(C)C)C(C)C
765,16,CCCCCC[N+](CCC)(CCC)C(C)(C)C
766,16,CCCCCC[N+](CCC)(CCC)CC(C)C
767,16,CCCCCC[N+](CCC)(CCC)CCCC
768,16,CCCCCC[N+](CCC)(CCCC)C(C)C
769,16,CCCCCC[N+](CCCC)(C(C)C)C(C)C
770,16,CCCCC[N+](C(C)C)(C(C)(C)C)C(C)(C)C
771,16,CCCCC[N+](C(C)C)(C(C)C)C(C)CCC
772,16,CCCCC[N+](C)(C(C)CCC)C(C)CCC
773,16,CCCCC[N+](C)(CC(C)CC)C(C)CCC
774,16,CCCCC[N+](C)(CC(C)CC)CC(C)CC
775,16,CCCCC[N+](C)(CCC(C)C)C(C)CCC
776,16,CCCCC[N+](C)(CCC(C)C)CC(C)CC
777,16,CCCCC[N+](C)(CCC(C)C)CCC(C)C
778,16,CCCCC[N+](C)(CCCCC)C(C)CCC
779,16,CCCCC[N+](C)(CCCCC)CC(C)CC
780,16,CCCCC[N+](C)(CCCCC)CCC(C)C
781,16,CCCCC[N+](C)(CCCCC)CCCCC
782,16,CCCCC[N+](CC(C)C)(C(C)C)C(C)(C)C
783,16,CCCCC[N+](CC(C)C)(CC(C)C)C(C)C
784,16,CCCCC[N+](CC(C)CC)(C(C)C)C(C)C
785,16,CCCCC[N+](CC)(C(C)CCC)C(C)(C)C
786,16,CCCCC[N+](CC)(CC(C)C)C(C)CCC
787,16,CCCCC[N+](CC)(CC(C)C)CC(C)CC
788,16,CCCCC[N+](CC)(CC(C)CC)C(C)(C)C
789,16,CCCCC[N+](CC)(CCC(C)C)C(C)(C)C
790,16,CCCCC[N+](CC)(CCC(C)C)CC(C)C
791,16,CCCCC[N+](CC)(CCCC)C(C)CCC
792,16,CCCCC[N+](CC)(CCCC)CC(C)CC
793,16,CCCCC[N+](CC)(CCCC)CCC(C)C
794,16,CCCCC[N+](CC)(CCCC)CCCCC
795,16,CCCCC[N+](CC)(CCCCC)C(C)(C)C
796,16,CCCCC[N+](CC)(CCCCC)CC(C)C
797,16,CCCCC[N+](CCC(C)C)(C(C)C)C(C)C
798,16,CCCCC[N+](CCC)(C(C)(C)C)C(C)(C)C
799,16,CCCCC[N+](CCC)(C(C)C)C(C)CCC
800,16,CCCCC[N+](CCC)(CC(C)C)C(C)(C)C
801,16,CCCCC[N+](CCC)(CC(C)C)CC(C)C
802,16,CCCCC[N+](CCC)(CC(C)CC)C(C)C
803,16,CCCCC[N+](CCC)(CCC(C)C)C(C)C
804,16,CCCCC[N+](CCC)(CCC)C(C)CCC
805,16,CCCCC[N+](CCC)(CCC)CC(C)CC
806,16,CCCCC[N+](CCC)(CCC)CCC(C)C
807,16,CCCCC[N+](CCC)(CCC)CCCCC
808,16,CCCCC[N+](CCC)(CCCC)C(C)(C)C
809,16,CCCCC[N+](CCC)(CCCC)CC(C)C
810,16,CCCCC[N+](CCC)(CCCC)CCCC
811,16,CCCCC[N+](CCC)(CCCCC)C(C)C
812,16,CCCCC[N+](CCCC)(C(C)C)C(C)(C)C
813,16,CCCCC[N+](CCCC)(CC(C)C)C(C)C
814,16,CCCCC[N+](CCCC)(CCCC)C(C)C
815,16,CCCCC[N+](CCCCC)(C(C)C)C(C)C
816,16,CCCC[N+](C(C)(C)C)(C(C)(C)C)C(C)(C)C
817,16,CCCC[N+](C(C)C)(C(C)CCC)C(C)(C)C
818,16,CCCC[N+](CC(C)C)(C(C)(C)C)C(C)(C)C
819,16,CCCC[N+](CC(C)C)(C(C)C)C(C)CCC
820,16,CCCC[N+](CC(C)C)(CC(C)C)C(C)(C)C
821,16,CCCC[N+](CC(C)C)(CC(C)C)CC(C)C
822,16,CCCC[N+](CC(C)C)(CC(C)CC)C(C)C
823,16,CCCC[N+](CC(C)CC)(C(C)C)C(C)(C)C
824,16,CCCC[N+](CC)(C(C)CCC)C(C)CCC
825,16,CCCC[N+](CC)(CC(C)CC)C(C)CCC
826,16,CCCC[N+](CC)(CC(C)CC)CC(C)CC
827,16,CCCC[N+](CC)(CCC(C)C)C(C)CCC
828,16,CCCC[N+](CC)(CCC(C)C)CC(C)CC
829,16,CCCC[N+](CC)(CCC(C)C)CCC(C)C
830,16,CCCC[N+](CCC(C)C)(C(C)C)C(C)(C)C
831,16,CCCC[N+](CCC(C)C)(CC(C)C)C(C)C
832,16,CCCC[N+](CCC)(C(C)CCC)C(C)(C)C
833,16,CCCC[N+](CCC)(CC(C)C)C(C)CCC
834,16,CCCC[N+](CCC)(CC(C)C)CC(C)CC
835,16,CCCC[N+](CCC)(CC(C)CC)C(C)(C)C
836,16,CCCC[N+](CCC)(CCC(C)C)C(C)(C)C
837,16,CCCC[N+](CCC)(CCC(C)C)CC(C)C
838,16,CCCC[N+](CCC)(CCCC)C(C)CCC
839,16,CCCC[N+](CCC)(CCCC)CC(C)CC
840,16,CCCC[N+](CCC)(CCCC)CCC(C)C
841,16,CCCC[N+](CCCC)(C(C)(C)C)C(C)(C)C
842,16,CCCC[N+](CCCC)(C(C)C)C(C)CCC
843,16,CCCC[N+](CCCC)(CC(C)C)C(C)(C)C
844,16,CCCC[N+](CCCC)(CC(C)C)CC(C)C
845,16,CCCC[N+](CCCC)(CC(C)CC)C(C)C
846,16,CCCC[N+](CCCC)(CCC(C)C)C(C)C
847,16,CCCC[N+](CCCC)(CCCC)C(C)(C)C
848,16,CCCC[N+](CCCC)(CCCC)CC(C)C
849,16,CCCC[N+](CCCC)(CCCC)CCCC
850,16,CCC[N+](CC(C)C)(CC(C)C)CC(C)CC
851,16,CCC[N+](CC(C)C)(CC(C)CC)C(C)(C)C
852,16,CCC[N+](CC(C)CC)(C(C)(C)C)C(C)(C)C
853,16,CCC[N+](CC(C)CC)(CC(C)CC)C(C)C
854,16,CCC[N+](CCC(C)C)(C(C)(C)C)C(C)(C)C
855,16,CCC[N+](CCC(C)C)(CC(C)C)C(C)(C)C
856,16,CCC[N+](CCC(C)C)(CC(C)C)CC(C)C
857,16,CCC[N+](CCC(C)C)(CC(C)CC)C(C)C
858,16,CCC[N+](CCC(C)C)(CCC(C)C)C(C)C
859,16,CCC[N+](CCC)(CC(C)CC)CC(C)CC
860,16,CCC[N+](CCC)(CCC(C)C)CC(C)CC
861,16,CCC[N+](CCC)(CCC(C)C)CCC(C)C
862,16,CC[N+](CCC(C)C)(CCC(C)C)C(C)(C)C
863,16,CC[N+](CCC(C)C)(CCC(C)C)CC(C)C
864,17,CC(C)CC[N+](C(C)(C)C)(C(C)(C)C)C(C)(C)C
865,17,CC(C)CC[N+](CC(C)C)(C(C)(C)C)C(C)(C)C
866,17,CC(C)CC[N+](CC(C)C)(CC(C)C)C(C)(C)C
867,17,CC(C)CC[N+](CC(C)C)(CC(C)C)CC(C)C
868,17,CC(C)CC[N+](CCC(C)C)(C(C)C)C(C)(C)C
869,17,CC(C)CC[N+](CCC(C)C)(CC(C)C)C(C)C
870,17,CCC(C)C[N+](C(C)(C)C)(C(C)(C)C)C(C)(C)C
871,17,CCC(C)C[N+](CC(C)C)(C(C)(C)C)C(C)(C)C
872,17,CCC(C)C[N+](CC(C)C)(CC(C)C)C(C)(C)C
873,17,CCC(C)C[N+](CC(C)C)(CC(C)C)CC(C)C
874,17,CCC(C)C[N+](CC(C)C)(CC(C)CC)C(C)C
875,17,CCC(C)C[N+](CC(C)CC)(C(C)C)C(C)(C)C
876,17,CCC(C)C[N+](CC)(CC(C)CC)CC(C)CC
877,17,CCC(C)C[N+](CC)(CCC(C)C)CC(C)CC
878,17,CCC(C)C[N+](CC)(CCC(C)C)CCC(C)C
879,17,CCC(C)C[N+](CCC(C)C)(C(C)C)C(C)(C)C
880,17,CCC(C)C[N+](CCC(C)C)(CC(C)C)C(C)C
881,17,CCCC(C)[N+](C(C)(C)C)(C(C)(C)C)C(C)(C)C
882,17,CCCC(C)[N+](C(C)C)(C(C)CCC)C(C)(C)C
883,17,CCCC(C)[N+](CC(C)C)(C(C)(C)C)C(C)(C)C
884,17,CCCC(C)[N+](CC(C)C)(C(C)C)C(C)CCC
885,17,CCCC(C)[N+](CC(C)C)(CC(C)C)C(C)(C)C
886,17,CCCC(C)[N+](CC(C)C)(CC(C)C)CC(C)C
887,17,CCCC(C)[N+](CC(C)C)(CC(C)CC)C(C)C
888,17,CCCC(C)[N+](CC(C)CC)(C(C)C)C(C)(C)C
889,17,CCCC(C)[N+](CC)(C(C)CCC)C(C)CCC
890,17,CCCC(C)[N+](CC)(CC(C)CC)C(C)CCC
891,17,CCCC(C)[N+](CC)(CC(C)CC)CC(C)CC
892,17,CCCC(C)[N+](CC)(CCC(C)C)C(C)CCC
893,17,CCCC(C)[N+](CC)(CCC(C)C)CC(C)CC
894,17,CCCC(C)[N+](CC)(CCC(C)C)CCC(C)C
895,17,CCCC(C)[N+](CCC(C)C)(C(C)C)C(C)(C)C
896,17,CCCC(C)[N+](CCC(C)C)(CC(C)C)C(C)C
897,17,CCCC(C)[N+](CCC)(C(C)CCC)C(C)(C)C
898,17,CCCC(C)[N+](CCC)(CC(C)C)C(C)CCC
899,17,CCCC(C)[N+](CCC)(CC(C)C)CC(C)CC
900,17,CCCC(C)[N+](CCC)(CC(C)CC)C(C)(C)C
901,17,CCCC(C)[N+](CCC)(CCC(C)C)C(C)(C)C
902,17,CCCC(C)[N+](CCC)(CCC(C)C)CC(C)C
903,17,CCCCCCC[N+](C(C)C)(C(C)C)C(C)(C)C
904,17,CCCCCCC[N+](C)(C(C)CCC)C(C)(C)C
905,17,CCCCCCC[N+](C)(CC(C)C)C(C)CCC
906,17,CCCCCCC[N+](C)(CC(C)C)CC(C)CC
907,17,CCCCCCC[N+](C)(CC(C)CC)C(C)(C)C
908,17,CCCCCCC[N+](C)(CC)CCCCCCC
909,17,CCCCCCC[N+](C)(CCC(C)C)C(C)(C)C
910,17,CCCCCCC[N+](C)(CCC(C)C)CC(C)C
911,17,CCCCCCC[N+](C)(CCC)CCCCCC
912,17,CCCCCCC[N+](C)(CCCC)C(C)CCC
913,17,CCCCCCC[N+](C)(CCCC)CC(C)CC
914,17,CCCCCCC[N+](C)(CCCC)CCC(C)C
915,17,CCCCCCC[N+](C)(CCCC)CCCCC
916,17,CCCCCCC[N+](C)(CCCCC)C(C)(C)C
917,17,CCCCCCC[N+](C)(CCCCC)CC(C)C
918,17,CCCCCCC[N+](C)(CCCCCC)C(C)C
919,17,CCCCCCC[N+](CC(C)C)(C(C)C)C(C)C
920,17,CCCCCCC[N+](CC)(C(C)(C)C)C(C)(C)C
921,17,CCCCCCC[N+](CC)(C(C)C)C(C)CCC
922,17,CCCCCCC[N+](CC)(CC(C)C)C(C)(C)C
923,17,CCCCCCC[N+](CC)(CC(C)C)CC(C)C
924,17,CCCCCCC[N+](CC)(CC(C)CC)C(C)C
925,17,CCCCCCC[N+](CC)(CC)CCCCCC
926,17,CCCCCCC[N+](CC)(CCC(C)C)C(C)C
927,17,CCCCCCC[N+](CC)(CCC)C(C)CCC
928,17,CCCCCCC[N+](CC)(CCC)CC(C)CC
929,17,CCCCCCC[N+](CC)(CCC)CCC(C)C
930,17,CCCCCCC[N+](CC)(CCC)CCCCC
931,17,CCCCCCC[N+](CC)(CCCC)C(C)(C)C
932,17,CCCCCCC[N+](CC)(CCCC)CC(C)C
933,17,CCCCCCC[N+](CC)(CCCC)CCCC
934,17,CCCCCCC[N+](CC)(CCCCC)C(C)C
935,17,CCCCCCC[N+](CCC)(C(C)C)C(C)(C)C
936,17,CCCCCCC[N+](CCC)(CC(C)C)C(C)C
937,17,CCCCCCC[N+](CCC)(CCC)C(C)(C)C
938,17,CCCCCCC[N+](CCC)(CCC)CC(C)C
939,17,CCCCCCC[N+](CCC)(CCC)CCCC
940,17,CCCCCCC[N+](CCC)(CCCC)C(C)C
941,17,CCCCCCC[N+](CCCC)(C(C)C)C(C)C
942,17,CCCCCC[N+](C(C)C)(C(C)(C)C)C(C)(C)C
943,17,CCCCCC[N+](C(C)C)(C(C)C)C(C)CCC
944,17,CCCCCC[N+](C)(C(C)CCC)C(C)CCC
945,17,CCCCCC[N+](C)(CC(C)CC)C(C)CCC
946,17,CCCCCC[N+](C)(CC(C)CC)CC(C)CC
947,17,CCCCCC[N+](C)(CCC(C)C)C(C)CCC
948,17,CCCCCC[N+](C)(CCC(C)C)CC(C)CC
949,17,CCCCCC[N+](C)(CCC(C)C)CCC(C)C
950,17,CCCCCC[N+](C)(CCCC)CCCCCC
951,17,CCCCCC[N+](C)(CCCCC)C(C)CCC
952,17,CCCCCC[N+](C)(CCCCC)CC(C)CC
953,17,CCCCCC[N+](C)(CCCCC)CCC(C)C
954,17,CCCCCC[N+](C)(CCCCC)CCCCC
955,17,CCCCCC[N+](C)(CCCCCC)C(C)(C)C
956,17,CCCCCC[N+](C)(CCCCCC)CC(C)C
957,17,CCCCCC[N+](CC(C)C)(C(C)C)C(C)(C)C
958,17,CCCCCC[N+](CC(C)C)(CC(C)C)C(C)C
959,17,CCCCCC[N+](CC(C)CC)(C(C)C)C(C)C
960,17,CCCCCC[N+](CC)(C(C)CCC)C(C)(C)C
961,17,CCCCCC[N+](CC)(CC(C)C)C(C)CCC
962,17,CCCCCC[N+](CC)(CC(C)C)CC(C)CC
963,17,CCCCCC[N+](CC)(CC(C)CC)C(C)(C)C
964,17,CCCCCC[N+](CC)(CCC(C)C)C(C)(C)C
965,17,CCCCCC[N+](CC)(CCC(C)C)CC(C)C
966,17,CCCCCC[N+](CC)(CCC)CCCCCC
967,17,CCCCCC[N+](CC)(CCCC)C(C)CCC
968,17,CCCCCC[N+](CC)(CCCC)CC(C)CC
969,17,CCCCCC[N+](CC)(CCCC)CCC(C)C
970,17,CCCCCC[N+](CC)(CCCC)CCCCC
971,17,CCCCCC[N+](CC)(CCCCC)C(C)(C)C
972,17,CCCCCC[N+](CC)(CCCCC)CC(C)C
973,17,CCCCCC[N+](CC)(CCCCCC)C(C)C
974,17,CCCCCC[N+](CCC(C)C)(C(C)C)C(C)C
975,17,CCCCCC[N+](CCC)(C(C)(C)C)C(C)(C)C
976,17,CCCCCC[N+](CCC)(C(C)C)C(C)CCC
977,17,CCCCCC[N+](CCC)(CC(C)C)C(C)(C)C
978,17,CCCCCC[N+](CCC)(CC(C)C)CC(C)C
979,17,CCCCCC[N+](CCC)(CC(C)CC)C(C)C
980,17,CCCCCC[N+](CCC)(CCC(C)C)C(C)C
981,17,CCCCCC[N+](CCC)(CCC)C(C)CCC
982,17,CCCCCC[N+](CCC)(CCC)CC(C)CC
983,17,CCCCCC[N+](CCC)(CCC)CCC(C)C
984,17,CCCCCC[N+](CCC)(CCC)CCCCC
985,17,CCCCCC[N+](CCC)(CCCC)C(C)(C)C
986,17,CCCCCC[N+](CCC)(CCCC)CC(C)C
987,17,CCCCCC[N+](CCC)(CCCC)CCCC
988,17,CCCCCC[N+](CCC)(CCCCC)C(C)C
989,17,CCCCCC[N+](CCCC)(C(C)C)C(C)(C)C
990,17,CCCCCC[N+](CCCC)(CC(C)C)C(C)C
991,17,CCCCCC[N+](CCCC)(CCCC)C(C)C
992,17,CCCCCC[N+](CCCCC)(C(C)C)C(C)C
993,17,CCCCC[N+](C(C)(C)C)(C(C)(C)C)C(C)(C)C
994,17,CCCCC[N+](C(C)C)(C(C)CCC)C(C)(C)C
995,17,CCCCC[N+](CC(C)C)(C(C)(C)C)C(C)(C)C
996,17,CCCCC[N+](CC(C)C)(C(C)C)C(C)CCC
997,17,CCCCC[N+](CC(C)C)(CC(C)C)C(C)(C)C
998,17,CCCCC[N+](CC(C)C)(CC(C)C)CC(C)C
999,17,CCCCC[N+](CC(C)C)(CC(C)CC)C(C)C
1000,17,CCCCC[N+](CC(C)CC)(C(C)C)C(C)(C)C
1001,17,CCCCC[N+](CC)(C(C)CCC)C(C)CCC
1002,17,CCCCC[N+](CC)(CC(C)CC)C(C)CCC
1003,17,CCCCC[N+](CC)(CC(C)CC)CC(C)CC
1004,17,CCCCC[N+](CC)(CCC(C)C)C(C)CCC
1005,17,CCCCC[N+](CC)(CCC(C)C)CC(C)CC
1006,17,CCCCC[N+](CC)(CCC(C)C)CCC(C)C
1007,17,CCCCC[N+](CC)(CCCCC)C(C)CCC
1008,17,CCCCC[N+](CC)(CCCCC)CC(C)CC
1009,17,CCCCC[N+](CC)(CCCCC)CCC(C)C
1010,17,CCCCC[N+](CC)(CCCCC)CCCCC
1011,17,CCCCC[N+](CCC(C)C)(C(C)C)C(C)(C)C
1012,17,CCCCC[N+](CCC(C)C)(CC(C)C)C(C)C
1013,17,CCCCC[N+](CCC)(C(C)CCC)C(C)(C)C
1014,17,CCCCC[N+](CCC)(CC(C)C)C(C)CCC
1015,17,CCCCC[N+](CCC)(CC(C)C)CC(C)CC
1016,17,CCCCC[N+](CCC)(CC(C)CC)C(C)(C)C
1017,17,CCCCC[N+](CCC)(CCC(C)C)C(C)(C)C
1018,17,CCCCC[N+](CCC)(CCC(C)C)CC(C)C
1019,17,CCCCC[N+](CCC)(CCCC)C(C)CCC
1020,17,CCCCC[N+](CCC)(CCCC)CC(C)CC
1021,17,CCCCC[N+](CCC)(CCCC)CCC(C)C
1022,17,CCCCC[N+](CCC)(CCCC)CCCCC
1023,17,CCCCC[N+](CCC)(CCCCC)C(C)(C)C
1024,17,CCCCC[N+](CCC)(CCCCC)CC(C)C
1025,17,CCCCC[N+](CCCC)(C(C)(C)C)C(C)(C)C
1026,17,CCCCC[N+](CCCC)(C(C)C)C(C)CCC
1027,17,CCCCC[N+](CCCC)(CC(C)C)C(C)(C)C
1028,17,CCCCC[N+](CCCC)(CC(C)C)CC(C)C
1029,17,CCCCC[N+](CCCC)(CC(C)CC)C(C)C
1030,17,CCCCC[N+](CCCC)(CCC(C)C)C(C)C
1031,17,CCCCC[N+](CCCC)(CCCC)C(C)(C)C
1032,17,CCCCC[N+](CCCC)(CCCC)CC(C)C
1033,17,CCCCC[N+](CCCC)(CCCC)CCCC
1034,17,CCCCC[N+](CCCC)(CCCCC)C(C)C
1035,17,CCCCC[N+](CCCCC)(C(C)C)C(C)(C)C
1036,17,CCCCC[N+](CCCCC)(CC(C)C)C(C)C
1037,17,CCCC[N+](C(C)C)(C(C)CCC)C(C)CCC
1038,17,CCCC[N+](C(C)CCC)(C(C)(C)C)C(C)(C)C
1039,17,CCCC[N+](CC(C)C)(C(C)CCC)C(C)(C)C
1040,17,CCCC[N+](CC(C)C)(CC(C)C)C(C)CCC
1041,17,CCCC[N+](CC(C)C)(CC(C)C)CC(C)CC
1042,17,CCCC[N+](CC(C)C)(CC(C)CC)C(C)(C)C
1043,17,CCCC[N+](CC(C)CC)(C(C)(C)C)C(C)(C)C
1044,17,CCCC[N+](CC(C)CC)(C(C)C)C(C)CCC
1045,17,CCCC[N+](CC(C)CC)(CC(C)CC)C(C)C
1046,17,CCCC[N+](CCC(C)C)(C(C)(C)C)C(C)(C)C
1047,17,CCCC[N+](CCC(C)C)(C(C)C)C(C)CCC
1048,17,CCCC[N+](CCC(C)C)(CC(C)C)C(C)(C)C
1049,17,CCCC[N+](CCC(C)C)(CC(C)C)CC(C)C
1050,17,CCCC[N+](CCC(C)C)(CC(C)CC)C(C)C
1051,17,CCCC[N+](CCC(C)C)(CCC(C)C)C(C)C
1052,17,CCCC[N+](CCC)(C(C)CCC)C(C)CCC
1053,17,CCCC[N+](CCC)(CC(C)CC)C(C)CCC
1054,17,CCCC[N+](CCC)(CC(C)CC)CC(C)CC
1055,17,CCCC[N+](CCC)(CCC(C)C)C(C)CCC
1056,17,CCCC[N+](CCC)(CCC(C)C)CC(C)CC
1057,17,CCCC[N+](CCC)(CCC(C)C)CCC(C)C
1058,17,CCCC[N+](CCCC)(C(C)CCC)C(C)(C)C
1059,17,CCCC[N+](CCCC)(CC(C)C)C(C)CCC
1060,17,CCCC[N+](CCCC)(CC(C)C)CC(C)CC
1061,17,CCCC[N+](CCCC)(CC(C)CC)C(C)(C)C
1062,17,CCCC[N+](CCCC)(CCC(C)C)C(C)(C)C
1063,17,CCCC[N+](CCCC)(CCC(C)C)CC(C)C
1064,17,CCCC[N+](CCCC)(CCCC)C(C)CCC
1065,17,CCCC[N+](CCCC)(CCCC)CC(C)CC
1066,17,CCCC[N+](CCCC)(CCCC)CCC(C)C
1067,17,CCC[N+](CC(C)C)(CC(C)CC)CC(C)CC
1068,17,CCC[N+](CC(C)CC)(CC(C)CC)C(C)(C)C
1069,17,CCC[N+](CCC(C)C)(CC(C)C)CC(C)CC
1070,17,CCC[N+](CCC(C)C)(CC(C)CC)C(C)(C)C
1071,17,CCC[N+](CCC(C)C)(CCC(C)C)C(C)(C)C
1072,17,CCC[N+](CCC(C)C)(CCC(C)C)CC(C)C
1073,17,CC[N+](CCC(C)C)(CCC(C)C)CCC(C)C
1074,18,CC(C)CC[N+](CCC(C)C)(C(C)(C)C)C(C)(C)C
1075,18,CC(C)CC[N+](CCC(C)C)(CC(C)C)C(C)(C)C
1076,18,CC(C)CC[N+](CCC(C)C)(CC(C)C)CC(C)C
1077,18,CC(C)CC[N+](CCC(C)C)(CCC(C)C)C(C)C
1078,18,CCC(C)C[N+](CC(C)C)(CC(C)C)CC(C)CC
1079,18,CCC(C)C[N+](CC(C)C)(CC(C)CC)C(C)(C)C
1080,18,CCC(C)C[N+](CC(C)CC)(C(C)(C)C)C(C)(C)C
1081,18,CCC(C)C[N+](CC(C)CC)(CC(C)CC)C(C)C
1082,18,CCC(C)C[N+](CCC(C)C)(C(C)(C)C)C(C)(C)C
1083,18,CCC(C)C[N+](CCC(C)C)(CC(C)C)C(C)(C)C
1084,18,CCC(C)C[N+](CCC(C)C)(CC(C)C)CC(C)C
1085,18,CCC(C)C[N+](CCC(C)C)(CC(C)CC)C(C)C
1086,18,CCC(C)C[N+](CCC(C)C)(CCC(C)C)C(C)C
1087,18,CCCC(C)[N+](C(C)C)(C(C)CCC)C(C)CCC
1088,18,CCCC(C)[N+](C(C)CCC)(C(C)(C)C)C(C)(C)C
1089,18,CCCC(C)[N+](CC(C)C)(C(C)CCC)C(C)(C)C
1090,18,CCCC(C)[N+](CC(C)C)(CC(C)C)C(C)CCC
1091,18,CCCC(C)[N+](CC(C)C)(CC(C)C)CC(C)CC
1092,18,CCCC(C)[N+](CC(C)C)(CC(C)CC)C(C)(C)C
1093,18,CCCC(C)[N+](CC(C)CC)(C(C)(C)C)C(C)(C)C
1094,18,CCCC(C)[N+](CC(C)CC)(C(C)C)C(C)CCC
1095,18,CCCC(C)[N+](CC(C)CC)(CC(C)CC)C(C)C
1096,18,CCCC(C)[N+](CCC(C)C)(C(C)(C)C)C(C)(C)C
1097,18,CCCC(C)[N+](CCC(C)C)(C(C)C)C(C)CCC
1098,18,CCCC(C)[N+](CCC(C)C)(CC(C)C)C(C)(C)C
1099,18,CCCC(C)[N+](CCC(C)C)(CC(C)C)CC(C)C
1100,18,CCCC(C)[N+](CCC(C)C)(CC(C)CC)C(C)C
1101,18,CCCC(C)[N+](CCC(C)C)(CCC(C)C)C(C)C
1102,18,CCCC(C)[N+](CCC)(C(C)CCC)C(C)CCC
1103,18,CCCC(C)[N+](CCC)(CC(C)CC)C(C)CCC
1104,18,CCCC(C)[N+](CCC)(CC(C)CC)CC(C)CC
1105,18,CCCC(C)[N+](CCC)(CCC(C)C)C(C)CCC
1106,18,CCCC(C)[N+](CCC)(CCC(C)C)CC(C)CC
1107,18,CCCC(C)[N+](CCC)(CCC(C)C)CCC(C)C
1108,18,CCCCCCC[N+](C(C)C)(C(C)(C)C)C(C)(C)C
1109,18,CCCCCCC[N+](C(C)C)(C(C)C)C(C)CCC
1110,18,CCCCCCC[N+](C)(C(C)CCC)C(C)CCC
1111,18,CCCCCCC[N+](C)(CC(C)CC)C(C)CCC
1112,18,CCCCCCC[N+](C)(CC(C)CC)CC(C)CC
1113,18,CCCCCCC[N+](C)(CCC(C)C)C(C)CCC
1114,18,CCCCCCC[N+](C)(CCC(C)C)CC(C)CC
1115,18,CCCCCCC[N+](C)(CCC(C)C)CCC(C)C
1116,18,CCCCCCC[N+](C)(CCC)CCCCCCC
1117,18,CCCCCCC[N+](C)(CCCC)CCCCCC
1118,18,CCCCCCC[N+](C)(CCCCC)C(C)CCC
1119,18,CCCCCCC[N+](C)(CCCCC)CC(C)CC
1120,18,CCCCCCC[N+](C)(CCCCC)CCC(C)C
1121,18,CCCCCCC[N+](C)(CCCCC)CCCCC
1122,18,CCCCCCC[N+](C)(CCCCCC)C(C)(C)C
1123,18,CCCCCCC[N+](C)(CCCCCC)CC(C)C
1124,18,CCCCCCC[N+](C)(CCCCCCC)C(C)C
1125,18,CCCCCCC[N+](CC(C)C)(C(C)C)C(C)(C)C
1126,18,CCCCCCC[N+](CC(C)C)(CC(C)C)C(C)C
1127,18,CCCCCCC[N+](CC(C)CC)(C(C)C)C(C)C
1128,18,CCCCCCC[N+](CC)(C(C)CCC)C(C)(C)C
1129,18,CCCCCCC[N+](CC)(CC(C)C)C(C)CCC
1130,18,CCCCCCC[N+](CC)(CC(C)C)CC(C)CC
1131,18,CCCCCCC[N+](CC)(CC(C)CC)C(C)(C)C
1132,18,CCCCCCC[N+](CC)(CC)CCCCCCC
1133,18,CCCCCCC[N+](CC)(CCC(C)C)C(C)(C)C
1134,18,CCCCCCC[N+](CC)(CCC(C)C)CC(C)C
1135,18,CCCCCCC[N+](CC)(CCC)CCCCCC
1136,18,CCCCCCC[N+](CC)(CCCC)C(C)CCC
1137,18,CCCCCCC[N+](CC)(CCCC)CC(C)CC
1138,18,CCCCCCC[N+](CC)(CCCC)CCC(C)C
1139,18,CCCCCCC[N+](CC)(CCCC)CCCCC
1140,18,CCCCCCC[N+](CC)(CCCCC)C(C)(C)C
1141,18,CCCCCCC[N+](CC)(CCCCC)CC(C)C
1142,18,CCCCCCC[N+](CC)(CCCCCC)C(C)C
1143,18,CCCCCCC[N+](CCC(C)C)(C(C)C)C(C)C
1144,18,CCCCCCC[N+](CCC)(C(C)(C)C)C(C)(C)C
1145,18,CCCCCCC[N+](CCC)(C(C)C)C(C)CCC
1146,18,CCCCCCC[N+](CCC)(CC(C)C)C(C)(C)C
1147,18,CCCCCCC[N+](CCC)(CC(C)C)CC(C)C
1148,18,CCCCCCC[N+](CCC)(CC(C)CC)C(C)C
1149,18,CCCCCCC[N+](CCC)(CCC(C)C)C(C)C
1150,18,CCCCCCC[N+](CCC)(CCC)C(C)CCC
1151,18,CCCCCCC[N+](CCC)(CCC)CC(C)CC
1152,18,CCCCCCC[N+](CCC)(CCC)CCC(C)C
1153,18,CCCCCCC[N+](CCC)(CCC)CCCCC
1154,18,CCCCCCC[N+](CCC)(CCCC)C(C)(C)C
1155,18,CCCCCCC[N+](CCC)(CCCC)CC(C)C
1156,18,CCCCCCC[N+](CCC)(CCCC)CCCC
1157,18,CCCCCCC[N+](CCC)(CCCCC)C(C)C
1158,18,CCCCCCC[N+](CCCC)(C(C)C)C(C)(C)C
1159,18,CCCCCCC[N+](CCCC)(CC(C)C)C(C)C
1160,18,CCCCCCC[N+](CCCC)(CCCC)C(C)C
1161,18,CCCCCCC[N+](CCCCC)(C(C)C)C(C)C
1162,18,CCCCCC[N+](C(C)(C)C)(C(C)(C)C)C(C)(C)C
1163,18,CCCCCC[N+](C(C)C)(C(C)CCC)C(C)(C)C
1164,18,CCCCCC[N+](C)(CCCCC)CCCCCC
1165,18,CCCCCC[N+](C)(CCCCCC)C(C)CCC
1166,18,CCCCCC[N+](C)(CCCCCC)CC(C)CC
1167,18,CCCCCC[N+](C)(CCCCCC)CCC(C)C
1168,18,CCCCCC[N+](CC(C)C)(C(C)(C)C)C(C)(C)C
1169,18,CCCCCC[N+](CC(C)C)(C(C)C)C(C)CCC
1170,18,CCCCCC[N+](CC(C)C)(CC(C)C)C(C)(C)C
1171,18,CCCCCC[N+](CC(C)C)(CC(C)C)CC(C)C
1172,18,CCCCCC[N+](CC(C)C)(CC(C)CC)C(C)C
1173,18,CCCCCC[N+](CC(C)CC)(C(C)C)C(C)(C)C
1174,18,CCCCCC[N+](CC)(C(C)CCC)C(C)CCC
1175,18,CCCCCC[N+](CC)(CC(C)CC)C(C)CCC
1176,18,CCCCCC[N+](CC)(CC(C)CC)CC(C)CC
1177,18,CCCCCC[N+](CC)(CCC(C)C)C(C)CCC
1178,18,CCCCCC[N+](CC)(CCC(C)C)CC(C)CC
1179,18,CCCCCC[N+](CC)(CCC(C)C)CCC(C)C
1180,18,CCCCCC[N+](CC)(CCCC)CCCCCC
1181,18,CCCCCC[N+](CC)(CCCCC)C(C)CCC
1182,18,CCCCCC[N+](CC)(CCCCC)CC(C)CC
1183,18,CCCCCC[N+](CC)(CCCCC)CCC(C)C
1184,18,CCCCCC[N+](CC)(CCCCC)CCCCC
1185,18,CCCCCC[N+](CC)(CCCCCC)C(C)(C)C
1186,18,CCCCCC[N+](CC)(CCCCCC)CC(C)C
1187,18,CCCCCC[N+](CCC(C)C)(C(C)C)C(C)(C)C
1188,18,CCCCCC[N+](CCC(C)C)(CC(C)C)C(C)C
1189,18,CCCCCC[N+](CCC)(C(C)CCC)C(C)(C)C
1190,18,CCCCCC[N+](CCC)(CC(C)C)C(C)CCC
1191,18,CCCCCC[N+](CCC)(CC(C)C)CC(C)CC
1192,18,CCCCCC[N+](CCC)(CC(C)CC)C(C)(C)C
1193,18,CCCCCC[N+](CCC)(CCC(C)C)C(C)(C)C
1194,18,CCCCCC[N+](CCC)(CCC(C)C)CC(C)C
1195,18,CCCCCC[N+](CCC)(CCC)CCCCCC
1196,18,CCCCCC[N+](CCC)(CCCC)C(C)CCC
1197,18,CCCCCC[N+](CCC)(CCCC)CC(C)CC
1198,18,CCCCCC[N+](CCC)(CCCC)CCC(C)C
1199,18,CCCCCC[N+](CCC)(CCCC)CCCCC
1200,18,CCCCCC[N+](CCC)(CCCCC)C(C)(C)C
1201,18,CCCCCC[N+](CCC)(CCCCC)CC(C)C
1202,18,CCCCCC[N+](CCC)(CCCCCC)C(C)C
1203,18,CCCCCC[N+](CCCC)(C(C)(C)C)C(C)(C)C
1204,18,CCCCCC[N+](CCCC)(C(C)C)C(C)CCC
1205,18,CCCCCC[N+](CCCC)(CC(C)C)C(C)(C)C
1206,18,CCCCCC[N+](CCCC)(CC(C)C)CC(C)C
1207,18,CCCCCC[N+](CCCC)(CC(C)CC)C(C)C
1208,18,CCCCCC[N+](CCCC)(CCC(C)C)C(C)C
1209,18,CCCCCC[N+](CCCC)(CCCC)C(C)(C)C
1210,18,CCCCCC[N+](CCCC)(CCCC)CC(C)C
1211,18,CCCCCC[N+](CCCC)(CCCC)CCCC
1212,18,CCCCCC[N+](CCCC)(CCCCC)C(C)C
1213,18,CCCCCC[N+](CCCCC)(C(C)C)C(C)(C)C
1214,18,CCCCCC[N+](CCCCC)(CC(C)C)C(C)C
1215,18,CCCCCC[N+](CCCCCC)(C(C)C)C(C)C
1216,18,CCCCC[N+](C(C)C)(C(C)CCC)C(C)CCC
1217,18,CCCCC[N+](C(C)CCC)(C(C)(C)C)C(C)(C)C
1218,18,CCCCC[N+](CC(C)C)(C(C)CCC)C(C)(C)C
1219,18,CCCCC[N+](CC(C)C)(CC(C)C)C(C)CCC
1220,18,CCCCC[N+](CC(C)C)(CC(C)C)CC(C)CC
1221,18,CCCCC[N+](CC(C)C)(CC(C)CC)C(C)(C)C
1222,18,CCCCC[N+](CC(C)CC)(C(C)(C)C)C(C)(C)C
1223,18,CCCCC[N+](CC(C)CC)(C(C)C)C(C)CCC
1224,18,CCCCC[N+](CC(C)CC)(CC(C)CC)C(C)C
1225,18,CCCCC[N+](CCC(C)C)(C(C)(C)C)C(C)(C)C
1226,18,CCCCC[N+](CCC(C)C)(C(C)C)C(C)CCC
1227,18,CCCCC[N+](CCC(C)C)(CC(C)C)C(C)(C)C
1228,18,CCCCC[N+](CCC(C)C)(CC(C)C)CC(C)C
1229,18,CCCCC[N+](CCC(C)C)(CC(C)CC)C(C)C
1230,18,CCCCC[N+](CCC(C)C)(CCC(C)C)C(C)C
1231,18,CCCCC[N+](CCC)(C(C)CCC)C(C)CCC
1232,18,CCCCC[N+](CCC)(CC(C)CC)C(C)CCC
1233,18,CCCCC[N+](CCC)(CC(C)CC)CC(C)CC
1234,18,CCCCC[N+](CCC)(CCC(C)C)C(C)CCC
1235,18,CCCCC[N+](CCC)(CCC(C)C)CC(C)CC
1236,18,CCCCC[N+](CCC)(CCC(C)C)CCC(C)C
1237,18,CCCCC[N+](CCC)(CCCCC)C(C)CCC
1238,18,CCCCC[N+](CCC)(CCCCC)CC(C)CC
1239,18,CCCCC[N+](CCC)(CCCCC)CCC(C)C
1240,18,CCCCC[N+](CCC)(CCCCC)CCCCC
1241,18,CCCCC[N+](CCCC)(C(C)CCC)C(C)(C)C
1242,18,CCCCC[N+](CCCC)(CC(C)C)C(C)CCC
1243,18,CCCCC[N+](CCCC)(CC(C)C)CC(C)CC
1244,18,CCCCC[N+](CCCC)(CC(C)CC)C(C)(C)C
1245,18,CCCCC[N+](CCCC)(CCC(C)C)C(C)(C)C
1246,18,CCCCC[N+](CCCC)(CCC(C)C)CC(C)C
1247,18,CCCCC[N+](CCCC)(CCCC)C(C)CCC
1248,18,CCCCC[N+](CCCC)(CCCC)CC(C)CC
1249,18,CCCCC[N+](CCCC)(CCCC)CCC(C)C
1250,18,CCCCC[N+](CCCC)(CCCC)CCCCC
1251,18,CCCCC[N+](CCCC)(CCCCC)C(C)(C)C
1252,18,CCCCC[N+](CCCC)(CCCCC)CC(C)C
1253,18,CCCCC[N+](CCCCC)(C(C)(C)C)C(C)(C)C
1254,18,CCCCC[N+](CCCCC)(C(C)C)C(C)CCC
1255,18,CCCCC[N+](CCCCC)(CC(C)C)C(C)(C)C
1256,18,CCCCC[N+](CCCCC)(CC(C)C)CC(C)C
1257,18,CCCCC[N+](CCCCC)(CC(C)CC)C(C)C
1258,18,CCCCC[N+](CCCCC)(CCC(C)C)C(C)C
1259,18,CCCCC[N+](CCCCC)(CCCCC)C(C)C
1260,18,CCCC[N+](C(C)CCC)(C(C)CCC)C(C)(C)C
1261,18,CCCC[N+](CC(C)C)(C(C)CCC)C(C)CCC
1262,18,CCCC[N+](CC(C)C)(CC(C)CC)C(C)CCC
1263,18,CCCC[N+](CC(C)C)(CC(C)CC)CC(C)CC
1264,18,CCCC[N+](CC(C)CC)(C(C)CCC)C(C)(C)C
1265,18,CCCC[N+](CC(C)CC)(CC(C)CC)C(C)(C)C
1266,18,CCCC[N+](CCC(C)C)(C(C)CCC)C(C)(C)C
1267,18,CCCC[N+](CCC(C)C)(CC(C)C)C(C)CCC
1268,18,CCCC[N+](CCC(C)C)(CC(C)C)CC(C)CC
1269,18,CCCC[N+](CCC(C)C)(CC(C)CC)C(C)(C)C
1270,18,CCCC[N+](CCC(C)C)(CCC(C)C)C(C)(C)C
1271,18,CCCC[N+](CCC(C)C)(CCC(C)C)CC(C)C
1272,18,CCCC[N+](CCCC)(C(C)CCC)C(C)CCC
1273,18,CCCC[N+](CCCC)(CC(C)CC)C(C)CCC
1274,18,CCCC[N+](CCCC)(CC(C)CC)CC(C)CC
1275,18,CCCC[N+](CCCC)(CCC(C)C)C(C)CCC
1276,18,CCCC[N+](CCCC)(CCC(C)C)CC(C)CC
1277,18,CCCC[N+](CCCC)(CCC(C)C)CCC(C)C
1278,18,CCC[N+](CC(C)CC)(CC(C)CC)CC(C)CC
1279,18,CCC[N+](CCC(C)C)(CC(C)CC)CC(C)CC
1280,18,CCC[N+](CCC(C)C)(CCC(C)C)CC(C)CC
1281,18,CCC[N+](CCC(C)C)(CCC(C)C)CCC(C)C
1282,19,CC(C)CC[N+](CCC(C)C)(CCC(C)C)C(C)(C)C
1283,19,CC(C)CC[N+](CCC(C)C)(CCC(C)C)CC(C)C
1284,19,CCC(C)C[N+](CC(C)C)(CC(C)CC)CC(C)CC
1285,19,CCC(C)C[N+](CC(C)CC)(CC(C)CC)C(C)(C)C
1286,19,CCC(C)C[N+](CCC(C)C)(CC(C)C)CC(C)CC
1287,19,CCC(C)C[N+](CCC(C)C)(CC(C)CC)C(C)(C)C
1288,19,CCC(C)C[N+](CCC(C)C)(CCC(C)C)C(C)(C)C
1289,19,CCC(C)C[N+](CCC(C)C)(CCC(C)C)CC(C)C
1290,19,CCCC(C)[N+](C(C)CCC)(C(C)CCC)C(C)(C)C
1291,19,CCCC(C)[N+](CC(C)C)(C(C)CCC)C(C)CCC
1292,19,CCCC(C)[N+](CC(C)C)(CC(C)CC)C(C)CCC
1293,19,CCCC(C)[N+](CC(C)C)(CC(C)CC)CC(C)CC
1294,19,CCCC(C)[N+](CC(C)CC)(C(C)CCC)C(C)(C)C
1295,19,CCCC(C)[N+](CC(C)CC)(CC(C)CC)C(C)(C)C
1296,19,CCCC(C)[N+](CCC(C)C)(C(C)CCC)C(C)(C)C
1297,19,CCCC(C)[N+](CCC(C)C)(CC(C)C)C(C)CCC
1298,19,CCCC(C)[N+](CCC(C)C)(CC(C)C)CC(C)CC
1299,19,CCCC(C)[N+](CCC(C)C)(CC(C)CC)C(C)(C)C
1300,19,CCCC(C)[N+](CCC(C)C)(CCC(C)C)C(C)(C)C
1301,19,CCCC(C)[N+](CCC(C)C)(CCC(C)C)CC(C)C
1302,19,CCCCCCC[N+](C(C)(C)C)(C(C)(C)C)C(C)(C)C
1303,19,CCCCCCC[N+](C(C)C)(C(C)CCC)C(C)(C)C
1304,19,CCCCCCC[N+](C)(CCCC)CCCCCCC
1305,19,CCCCCCC[N+](C)(CCCCC)CCCCCC
1306,19,CCCCCCC[N+](C)(CCCCCC)C(C)CCC
1307,19,CCCCCCC[N+](C)(CCCCCC)CC(C)CC
1308,19,CCCCCCC[N+](C)(CCCCCC)CCC(C)C
1309,19,CCCCCCC[N+](C)(CCCCCCC)C(C)(C)C
1310,19,CCCCCCC[N+](C)(CCCCCCC)CC(C)C
1311,19,CCCCCCC[N+](CC(C)C)(C(C)(C)C)C(C)(C)C
1312,19,CCCCCCC[N+](CC(C)C)(C(C)C)C(C)CCC
1313,19,CCCCCCC[N+](CC(C)C)(CC(C)C)C(C)(C)C
1314,19,CCCCCCC[N+](CC(C)C)(CC(C)C)CC(C)C
1315,19,CCCCCCC[N+](CC(C)C)(CC(C)CC)C(C)C
1316,19,CCCCCCC[N+](CC(C)CC)(C(C)C)C(C)(C)C
1317,19,CCCCCCC[N+](CC)(C(C)CCC)C(C)CCC
1318,19,CCCCCCC[N+](CC)(CC(C)CC)C(C)CCC
1319,19,CCCCCCC[N+](CC)(CC(C)CC)CC(C)CC
1320,19,CCCCCCC[N+](CC)(CCC(C)C)C(C)CCC
1321,19,CCCCCCC[N+](CC)(CCC(C)C)CC(C)CC
1322,19,CCCCCCC[N+](CC)(CCC(C)C)CCC(C)C
1323,19,CCCCCCC[N+](CC)(CCC)CCCCCCC
1324,19,CCCCCCC[N+](CC)(CCCC)CCCCCC
1325,19,CCCCCCC[N+](CC)(CCCCC)C(C)CCC
1326,19,CCCCCCC[N+](CC)(CCCCC)CC(C)CC
1327,19,CCCCCCC[N+](CC)(CCCCC)CCC(C)C
1328,19,CCCCCCC[N+](CC)(CCCCC)CCCCC
1329,19,CCCCCCC[N+](CC)(CCCCCC)C(C)(C)C
1330,19,CCCCCCC[N+](CC)(CCCCCC)CC(C)C
1331,19,CCCCCCC[N+](CC)(CCCCCCC)C(C)C
1332,19,CCCCCCC[N+](CCC(C)C)(C(C)C)C(C)(C)C
1333,19,CCCCCCC[N+](CCC(C)C)(CC(C)C)C(C)C
1334,19,CCCCCCC[N+](CCC)(C(C)CCC)C(C)(C)C
1335,19,CCCCCCC[N+](CCC)(CC(C)C)C(C)CCC
1336,19,CCCCCCC[N+](CCC)(CC(C)C)CC(C)CC
1337,19,CCCCCCC[N+](CCC)(CC(C)CC)C(C)(C)C
1338,19,CCCCCCC[N+](CCC)(CCC(C)C)C(C)(C)C
1339,19,CCCCCCC[N+](CCC)(CCC(C)C)CC(C)C
1340,19,CCCCCCC[N+](CCC)(CCC)CCCCCC
1341,19,CCCCCCC[N+](CCC)(CCCC)C(C)CCC
1342,19,CCCCCCC[N+](CCC)(CCCC)CC(C)CC
1343,19,CCCCCCC[N+](CCC)(CCCC)CCC(C)C
1344,19,CCCCCCC[N+](CCC)(CCCC)CCCCC
1345,19,CCCCCCC[N+](CCC)(CCCCC)C(C)(C)C
1346,19,CCCCCCC[N+](CCC)(CCCCC)CC(C)C
1347,19,CCCCCCC[N+](CCC)(CCCCCC)C(C)C
1348,19,CCCCCCC[N+](CCCC)(C(C)(C)C)C(C)(C)C
1349,19,CCCCCCC[N+](CCCC)(C(C)C)C(C)CCC
1350,19,CCCCCCC[N+](CCCC)(CC(C)C)C(C)(C)C
1351,19,CCCCCCC[N+](CCCC)(CC(C)C)CC(C)C
1352,19,CCCCCCC[N+](CCCC)(CC(C)CC)C(C)C
1353,19,CCCCCCC[N+](CCCC)(CCC(C)C)C(C)C
1354,19,CCCCCCC[N+](CCCC)(CCCC)C(C)(C)C
1355,19,CCCCCCC[N+](CCCC)(CCCC)CC(C)C
1356,19,CCCCCCC[N+](CCCC)(CCCC)CCCC
1357,19,CCCCCCC[N+](CCCC)(CCCCC)C(C)C
1358,19,CCCCCCC[N+](CCCCC)(C(C)C)C(C)(C)C
1359,19,CCCCCCC[N+](CCCCC)(CC(C)C)C(C)C
1360,19,CCCCCCC[N+](CCCCCC)(C(C)C)C(C)C
1361,19,CCCCCC[N+](C(C)C)(C(C)CCC)C(C)CCC
1362,19,CCCCCC[N+](C(C)CCC)(C(C)(C)C)C(C)(C)C
1363,19,CCCCCC[N+](C)(CCCCCC)CCCCCC
1364,19,CCCCCC[N+](CC(C)C)(C(C)CCC)C(C)(C)C
1365,19,CCCCCC[N+](CC(C)C)(CC(C)C)C(C)CCC
1366,19,CCCCCC[N+](CC(C)C)(CC(C)C)CC(C)CC
1367,19,CCCCCC[N+](CC(C)C)(CC(C)CC)C(C)(C)C
1368,19,CCCCCC[N+](CC(C)CC)(C(C)(C)C)C(C)(C)C
1369,19,CCCCCC[N+](CC(C)CC)(C(C)C)C(C)CCC
1370,19,CCCCCC[N+](CC(C)CC)(CC(C)CC)C(C)C
1371,19,CCCCCC[N+](CC)(CCCCC)CCCCCC
1372,19,CCCCCC[N+](CC)(CCCCCC)C(C)CCC
1373,19,CCCCCC[N+](CC)(CCCCCC)CC(C)CC
1374,19,CCCCCC[N+](CC)(CCCCCC)CCC(C)C
1375,19,CCCCCC[N+](CCC(C)C)(C(C)(C)C)C(C)(C)C
1376,19,CCCCCC[N+](CCC(C)C)(C(C)C)C(C)CCC
1377,19,CCCCCC[N+](CCC(C)C)(CC(C)C)C(C)(C)C
1378,19,CCCCCC[N+](CCC(C)C)(CC(C)C)CC(C)C
1379,19,CCCCCC[N+](CCC(C)C)(CC(C)CC)C(C)C
1380,19,CCCCCC[N+](CCC(C)C)(CCC(C)C)C(C)C
1381,19,CCCCCC[N+](CCC)(C(C)CCC)C(C)CCC
1382,19,CCCCCC[N+](CCC)(CC(C)CC)C(C)CCC
1383,19,CCCCCC[N+](CCC)(CC(C)CC)CC(C)CC
1384,19,CCCCCC[N+](CCC)(CCC(C)C)C(C)CCC
1385,19,CCCCCC[N+](CCC)(CCC(C)C)CC(C)CC
1386,19,CCCCCC[N+](CCC)(CCC(C)C)CCC(C)C
1387,19,CCCCCC[N+](CCC)(CCCC)CCCCCC
1388,19,CCCCCC[N+](CCC)(CCCCC)C(C)CCC
1389,19,CCCCCC[N+](CCC)(CCCCC)CC(C)CC
1390,19,CCCCCC[N+](CCC)(CCCCC)CCC(C)C
1391,19,CCCCCC[N+](CCC)(CCCCC)CCCCC
1392,19,CCCCCC[N+](CCC)(CCCCCC)C(C)(C)C
1393,19,CCCCCC[N+](CCC)(CCCCCC)CC(C)C
1394,19,CCCCCC[N+](CCCC)(C(C)CCC)C(C)(C)C
1395,19,CCCCCC[N+](CCCC)(CC(C)C)C(C)CCC
1396,19,CCCCCC[N+](CCCC)(CC(C)C)CC(C)CC
1397,19,CCCCCC[N+](CCCC)(CC(C)CC)C(C)(C)C
1398,19,CCCCCC[N+](CCCC)(CCC(C)C)C(C)(C)C
1399,19,CCCCCC[N+](CCCC)(CCC(C)C)CC(C)C
1400,19,CCCCCC[N+](CCCC)(CCCC)C(C)CCC
1401,19,CCCCCC[N+](CCCC)(CCCC)CC(C)CC
1402,19,CCCCCC[N+](CCCC)(CCCC)CCC(C)C
1403,19,CCCCCC[N+](CCCC)(CCCC)CCCCC
1404,19,CCCCCC[N+](CCCC)(CCCCC)C(C)(C)C
1405,19,CCCCCC[N+](CCCC)(CCCCC)CC(C)C
1406,19,CCCCCC[N+](CCCC)(CCCCCC)C(C)C
1407,19,CCCCCC[N+](CCCCC)(C(C)(C)C)C(C)(C)C
1408,19,CCCCCC[N+](CCCCC)(C(C)C)C(C)CCC
1409,19,CCCCCC[N+](CCCCC)(CC(C)C)C(C)(C)C
1410,19,CCCCCC[N+](CCCCC)(CC(C)C)CC(C)C
1411,19,CCCCCC[N+](CCCCC)(CC(C)CC)C(C)C
1412,19,CCCCCC[N+](CCCCC)(CCC(C)C)C(C)C
1413,19,CCCCCC[N+](CCCCC)(CCCCC)C(C)C
1414,19,CCCCCC[N+](CCCCCC)(C(C)C)C(C)(C)C
1415,19,CCCCCC[N+](CCCCCC)(CC(C)C)C(C)C
1416,19,CCCCC[N+](C(C)CCC)(C(C)CCC)C(C)(C)C
1417,19,CCCCC[N+](CC(C)C)(C(C)CCC)C(C)CCC
1418,19,CCCCC[N+](CC(C)C)(CC(C)CC)C(C)CCC
1419,19,CCCCC[N+](CC(C)C)(CC(C)CC)CC(C)CC
1420,19,CCCCC[N+](CC(C)CC)(C(C)CCC)C(C)(C)C
1421,19,CCCCC[N+](CC(C)CC)(CC(C)CC)C(C)(C)C
1422,19,CCCCC[N+](CCC(C)C)(C(C)CCC)C(C)(C)C
1423,19,CCCCC[N+](CCC(C)C)(CC(C)C)C(C)CCC
1424,19,CCCCC[N+](CCC(C)C)(CC(C)C)CC(C)CC
1425,19,CCCCC[N+](CCC(C)C)(CC(C)CC)C(C)(C)C
1426,19,CCCCC[N+](CCC(C)C)(CCC(C)C)C(C)(C)C
1427,19,CCCCC[N+](CCC(C)C)(CCC(C)C)CC(C)C
1428,19,CCCCC[N+](CCCC)(C(C)CCC)C(C)CCC
1429,19,CCCCC[N+](CCCC)(CC(C)CC)C(C)CCC
1430,19,CCCCC[N+](CCCC)(CC(C)CC)CC(C)CC
1431,19,CCCCC[N+](CCCC)(CCC(C)C)C(C)CCC
1432,19,CCCCC[N+](CCCC)(CCC(C)C)CC(C)CC
1433,19,CCCCC[N+](CCCC)(CCC(C)C)CCC(C)C
1434,19,CCCCC[N+](CCCC)(CCCCC)C(C)CCC
1435,19,CCCCC[N+](CCCC)(CCCCC)CC(C)CC
1436,19,CCCCC[N+](CCCC)(CCCCC)CCC(C)C
1437,19,CCCCC[N+](CCCC)(CCCCC)CCCCC
1438,19,CCCCC[N+](CCCCC)(C(C)CCC)C(C)(C)C
1439,19,CCCCC[N+](CCCCC)(CC(C)C)C(C)CCC
1440,19,CCCCC[N+](CCCCC)(CC(C)C)CC(C)CC
1441,19,CCCCC[N+](CCCCC)(CC(C)CC)C(C)(C)C
1442,19,CCCCC[N+](CCCCC)(CCC(C)C)C(C)(C)C
1443,19,CCCCC[N+](CCCCC)(CCC(C)C)CC(C)C
1444,19,CCCCC[N+](CCCCC)(CCCCC)C(C)(C)C
1445,19,CCCCC[N+](CCCCC)(CCCCC)CC(C)C
1446,19,CCCC[N+](C(C)CCC)(C(C)CCC)C(C)CCC
1447,19,CCCC[N+](CC(C)CC)(C(C)CCC)C(C)CCC
1448,19,CCCC[N+](CC(C)CC)(CC(C)CC)C(C)CCC
1449,19,CCCC[N+](CC(C)CC)(CC(C)CC)CC(C)CC
1450,19,CCCC[N+](CCC(C)C)(C(C)CCC)C(C)CCC
1451,19,CCCC[N+](CCC(C)C)(CC(C)CC)C(C)CCC
1452,19,CCCC[N+](CCC(C)C)(CC(C)CC)CC(C)CC
1453,19,CCCC[N+](CCC(C)C)(CCC(C)C)C(C)CCC
1454,19,CCCC[N+](CCC(C)C)(CCC(C)C)CC(C)CC
1455,19,CCCC[N+](CCC(C)C)(CCC(C)C)CCC(C)C
1456,20,CC(C)CC[N+](CCC(C)C)(CCC(C)C)CCC(C)C
1457,20,CCC(C)C[N+](CC(C)CC)(CC(C)CC)CC(C)CC
1458,20,CCC(C)C[N+](CCC(C)C)(CC(C)CC)CC(C)CC
1459,20,CCC(C)C[N+](CCC(C)C)(CCC(C)C)CC(C)CC
1460,20,CCC(C)C[N+](CCC(C)C)(CCC(C)C)CCC(C)C
1461,20,CCCC(C)[N+](C(C)CCC)(C(C)CCC)C(C)CCC
1462,20,CCCC(C)[N+](CC(C)CC)(C(C)CCC)C(C)CCC
1463,20,CCCC(C)[N+](CC(C)CC)(CC(C)CC)C(C)CCC
1464,20,CCCC(C)[N+](CC(C)CC)(CC(C)CC)CC(C)CC
1465,20,CCCC(C)[N+](CCC(C)C)(C(C)CCC)C(C)CCC
1466,20,CCCC(C)[N+](CCC(C)C)(CC(C)CC)C(C)CCC
1467,20,CCCC(C)[N+](CCC(C)C)(CC(C)CC)CC(C)CC
1468,20,CCCC(C)[N+](CCC(C)C)(CCC(C)C)C(C)CCC
1469,20,CCCC(C)[N+](CCC(C)C)(CCC(C)C)CC(C)CC
1470,20,CCCC(C)[N+](CCC(C)C)(CCC(C)C)CCC(C)C
1471,20,CCCCCCC[N+](C(C)C)(C(C)CCC)C(C)CCC
1472,20,CCCCCCC[N+](C(C)CCC)(C(C)(C)C)C(C)(C)C
1473,20,CCCCCCC[N+](C)(CCCCC)CCCCCCC
1474,20,CCCCCCC[N+](C)(CCCCCC)CCCCCC
1475,20,CCCCCCC[N+](C)(CCCCCCC)C(C)CCC
1476,20,CCCCCCC[N+](C)(CCCCCCC)CC(C)CC
1477,20,CCCCCCC[N+](C)(CCCCCCC)CCC(C)C
1478,20,CCCCCCC[N+](CC(C)C)(C(C)CCC)C(C)(C)C
1479,20,CCCCCCC[N+](CC(C)C)(CC(C)C)C(C)CCC
1480,20,CCCCCCC[N+](CC(C)C)(CC(C)C)CC(C)CC
1481,20,CCCCCCC[N+](CC(C)C)(CC(C)CC)C(C)(C)C
1482,20,CCCCCCC[N+](CC(C)CC)(C(C)(C)C)C(C)(C)C
1483,20,CCCCCCC[N+](CC(C)CC)(C(C)C)C(C)CCC
1484,20,CCCCCCC[N+](CC(C)CC)(CC(C)CC)C(C)C
1485,20,CCCCCCC[N+](CC)(CCCC)CCCCCCC
1486,20,CCCCCCC[N+](CC)(CCCCC)CCCCCC
1487,20,CCCCCCC[N+](CC)(CCCCCC)C(C)CCC
1488,20,CCCCCCC[N+](CC)(CCCCCC)CC(C)CC
1489,20,CCCCCCC[N+](CC)(CCCCCC)CCC(C)C
1490,20,CCCCCCC[N+](CC)(CCCCCCC)C(C)(C)C
1491,20,CCCCCCC[N+](CC)(CCCCCCC)CC(C)C
1492,20,CCCCCCC[N+](CCC(C)C)(C(C)(C)C)C(C)(C)C
1493,20,CCCCCCC[N+](CCC(C)C)(C(C)C)C(C)CCC
1494,20,CCCCCCC[N+](CCC(C)C)(CC(C)C)C(C)(C)C
1495,20,CCCCCCC[N+](CCC(C)C)(CC(C)C)CC(C)C
1496,20,CCCCCCC[N+](CCC(C)C)(CC(C)CC)C(C)C
1497,20,CCCCCCC[N+](CCC(C)C)(CCC(C)C)C(C)C
1498,20,CCCCCCC[N+](CCC)(C(C)CCC)C(C)CCC
1499,20,CCCCCCC[N+](CCC)(CC(C)CC)C(C)CCC
1500,20,CCCCCCC[N+](CCC)(CC(C)CC)CC(C)CC
1501,20,CCCCCCC[N+](CCC)(CCC(C)C)C(C)CCC
1502,20,CCCCCCC[N+](CCC)(CCC(C)C)CC(C)CC
1503,20,CCCCCCC[N+](CCC)(CCC(C)C)CCC(C)C
1504,20,CCCCCCC[N+](CCC)(CCC)CCCCCCC
1505,20,CCCCCCC[N+](CCC)(CCCC)CCCCCC
1506,20,CCCCCCC[N+](CCC)(CCCCC)C(C)CCC
1507,20,CCCCCCC[N+](CCC)(CCCCC)CC(C)CC
1508,20,CCCCCCC[N+](CCC)(CCCCC)CCC(C)C
1509,20,CCCCCCC[N+](CCC)(CCCCC)CCCCC
1510,20,CCCCCCC[N+](CCC)(CCCCCC)C(C)(C)C
1511,20,CCCCCCC[N+](CCC)(CCCCCC)CC(C)C
1512,20,CCCCCCC[N+](CCC)(CCCCCCC)C(C)C
1513,20,CCCCCCC[N+](CCCC)(C(C)CCC)C(C)(C)C
1514,20,CCCCCCC[N+](CCCC)(CC(C)C)C(C)CCC
1515,20,CCCCCCC[N+](CCCC)(CC(C)C)CC(C)CC
1516,20,CCCCCCC[N+](CCCC)(CC(C)CC)C(C)(C)C
1517,20,CCCCCCC[N+](CCCC)(CCC(C)C)C(C)(C)C
1518,20,CCCCCCC[N+](CCCC)(CCC(C)C)CC(C)C
1519,20,CCCCCCC[N+](CCCC)(CCCC)C(C)CCC
1520,20,CCCCCCC[N+](CCCC)(CCCC)CC(C)CC
1521,20,CCCCCCC[N+](CCCC)(CCCC)CCC(C)C
1522,20,CCCCCCC[N+](CCCC)(CCCC)CCCCC
1523,20,CCCCCCC[N+](CCCC)(CCCCC)C(C)(C)C
1524,20,CCCCCCC[N+](CCCC)(CCCCC)CC(C)C
1525,20,CCCCCCC[N+](CCCC)(CCCCCC)C(C)C
1526,20,CCCCCCC[N+](CCCCC)(C(C)(C)C)C(C)(C)C
1527,20,CCCCCCC[N+](CCCCC)(C(C)C)C(C)CCC
1528,20,CCCCCCC[N+](CCCCC)(CC(C)C)C(C)(C)C
1529,20,CCCCCCC[N+](CCCCC)(CC(C)C)CC(C)C
1530,20,CCCCCCC[N+](CCCCC)(CC(C)CC)C(C)C
1531,20,CCCCCCC[N+](CCCCC)(CCC(C)C)C(C)C
1532,20,CCCCCCC[N+](CCCCC)(CCCCC)C(C)C
1533,20,CCCCCCC[N+](CCCCCC)(C(C)C)C(C)(C)C
1534,20,CCCCCCC[N+](CCCCCC)(CC(C)C)C(C)C
1535,20,CCCCCCC[N+](CCCCCCC)(C(C)C)C(C)C
1536,20,CCCCCC[N+](C(C)CCC)(C(C)CCC)C(C)(C)C
1537,20,CCCCCC[N+](CC(C)C)(C(C)CCC)C(C)CCC
1538,20,CCCCCC[N+](CC(C)C)(CC(C)CC)C(C)CCC
1539,20,CCCCCC[N+](CC(C)C)(CC(C)CC)CC(C)CC
1540,20,CCCCCC[N+](CC(C)CC)(C(C)CCC)C(C)(C)C
1541,20,CCCCCC[N+](CC(C)CC)(CC(C)CC)C(C)(C)C
1542,20,CCCCCC[N+](CC)(CCCCCC)CCCCCC
1543,20,CCCCCC[N+](CCC(C)C)(C(C)CCC)C(C)(C)C
1544,20,CCCCCC[N+](CCC(C)C)(CC(C)C)C(C)CCC
1545,20,CCCCCC[N+](CCC(C)C)(CC(C)C)CC(C)CC
1546,20,CCCCCC[N+](CCC(C)C)(CC(C)CC)C(C)(C)C
1547,20,CCCCCC[N+](CCC(C)C)(CCC(C)C)C(C)(C)C
1548,20,CCCCCC[N+](CCC(C)C)(CCC(C)C)CC(C)C
1549,20,CCCCCC[N+](CCC)(CCCCC)CCCCCC
1550,20,CCCCCC[N+](CCC)(CCCCCC)C(C)CCC
1551,20,CCCCCC[N+](CCC)(CCCCCC)CC(C)CC
1552,20,CCCCCC[N+](CCC)(CCCCCC)CCC(C)C
1553,20,CCCCCC[N+](CCCC)(C(C)CCC)C(C)CCC
1554,20,CCCCCC[N+](CCCC)(CC(C)CC)C(C)CCC
1555,20,CCCCCC[N+](CCCC)(CC(C)CC)CC(C)CC
1556,20,CCCCCC[N+](CCCC)(CCC(C)C)C(C)CCC
1557,20,CCCCCC[N+](CCCC)(CCC(C)C)CC(C)CC
1558,20,CCCCCC[N+](CCCC)(CCC(C)C)CCC(C)C
1559,20,CCCCCC[N+](CCCC)(CCCC)CCCCCC
1560,20,CCCCCC[N+](CCCC)(CCCCC)C(C)CCC
1561,20,CCCCCC[N+](CCCC)(CCCCC)CC(C)CC
1562,20,CCCCCC[N+](CCCC)(CCCCC)CCC(C)C
1563,20,CCCCCC[N+](CCCC)(CCCCC)CCCCC
1564,20,CCCCCC[N+](CCCC)(CCCCCC)C(C)(C)C
1565,20,CCCCCC[N+](CCCC)(CCCCCC)CC(C)C
1566,20,CCCCCC[N+](CCCCC)(C(C)CCC)C(C)(C)C
1567,20,CCCCCC[N+](CCCCC)(CC(C)C)C(C)CCC
1568,20,CCCCCC[N+](CCCCC)(CC(C)C)CC(C)CC
1569,20,CCCCCC[N+](CCCCC)(CC(C)CC)C(C)(C)C
1570,20,CCCCCC[N+](CCCCC)(CCC(C)C)C(C)(C)C
1571,20,CCCCCC[N+](CCCCC)(CCC(C)C)CC(C)C
1572,20,CCCCCC[N+](CCCCC)(CCCCC)C(C)(C)C
1573,20,CCCCCC[N+](CCCCC)(CCCCC)CC(C)C
1574,20,CCCCCC[N+](CCCCC)(CCCCCC)C(C)C
1575,20,CCCCCC[N+](CCCCCC)(C(C)(C)C)C(C)(C)C
1576,20,CCCCCC[N+](CCCCCC)(C(C)C)C(C)CCC
1577,20,CCCCCC[N+](CCCCCC)(CC(C)C)C(C)(C)C
1578,20,CCCCCC[N+](CCCCCC)(CC(C)C)CC(C)C
1579,20,CCCCCC[N+](CCCCCC)(CC(C)CC)C(C)C
1580,20,CCCCCC[N+](CCCCCC)(CCC(C)C)C(C)C
1581,20,CCCCC[N+](C(C)CCC)(C(C)CCC)C(C)CCC
1582,20,CCCCC[N+](CC(C)CC)(C(C)CCC)C(C)CCC
1583,20,CCCCC[N+](CC(C)CC)(CC(C)CC)C(C)CCC
1584,20,CCCCC[N+](CC(C)CC)(CC(C)CC)CC(C)CC
1585,20,CCCCC[N+](CCC(C)C)(C(C)CCC)C(C)CCC
1586,20,CCCCC[N+](CCC(C)C)(CC(C)CC)C(C)CCC
1587,20,CCCCC[N+](CCC(C)C)(CC(C)CC)CC(C)CC
1588,20,CCCCC[N+](CCC(C)C)(CCC(C)C)C(C)CCC
1589,20,CCCCC[N+](CCC(C)C)(CCC(C)C)CC(C)CC
1590,20,CCCCC[N+](CCC(C)C)(CCC(C)C)CCC(C)C
1591,20,CCCCC[N+](CCCCC)(C(C)CCC)C(C)CCC
1592,20,CCCCC[N+](CCCCC)(CC(C)CC)C(C)CCC
1593,20,CCCCC[N+](CCCCC)(CC(C)CC)CC(C)CC
1594,20,CCCCC[N+](CCCCC)(CCC(C)C)C(C)CCC
1595,20,CCCCC[N+](CCCCC)(CCC(C)C)CC(C)CC
1596,20,CCCCC[N+](CCCCC)(CCC(C)C)CCC(C)C
1597,20,CCCCC[N+](CCCCC)(CCCCC)C(C)CCC
1598,20,CCCCC[N+](CCCCC)(CCCCC)CC(C)CC
1599,20,CCCCC[N+](CCCCC)(CCCCC)CCC(C)C
1600,20,CCCCC[N+](CCCCC)(CCCCC)CCCCC
1601,21,CCCCCCC[N+](C(C)CCC)(C(C)CCC)C(C)(C)C
1602,21,CCCCCCC[N+](C)(CCCCCC)CCCCCCC
1603,21,CCCCCCC[N+](CC(C)C)(C(C)CCC)C(C)CCC
1604,21,CCCCCCC[N+](CC(C)C)(CC(C)CC)C(C)CCC
1605,21,CCCCCCC[N+](CC(C)C)(CC(C)CC)CC(C)CC
1606,21,CCCCCCC[N+](CC(C)CC)(C(C)CCC)C(C)(C)C
1607,21,CCCCCCC[N+](CC(C)CC)(CC(C)CC)C(C)(C)C
1608,21,CCCCCCC[N+](CC)(CCCCC)CCCCCCC
1609,21,CCCCCCC[N+](CC)(CCCCCC)CCCCCC
1610,21,CCCCCCC[N+](CC)(CCCCCCC)C(C)CCC
1611,21,CCCCCCC[N+](CC)(CCCCCCC)CC(C)CC
1612,21,CCCCCCC[N+](CC)(CCCCCCC)CCC(C)C
1613,21,CCCCCCC[N+](CCC(C)C)(C(C)CCC)C(C)(C)C
1614,21,CCCCCCC[N+](CCC(C)C)(CC(C)C)C(C)CCC
1615,21,CCCCCCC[N+](CCC(C)C)(CC(C)C)CC(C)CC
1616,21,CCCCCCC[N+](CCC(C)C)(CC(C)CC)C(C)(C)C
1617,21,CCCCCCC[N+](CCC(C)C)(CCC(C)C)C(C)(C)C
1618,21,CCCCCCC[N+](CCC(C)C)(CCC(C)C)CC(C)C
1619,21,CCCCCCC[N+](CCC)(CCCC)CCCCCCC
1620,21,CCCCCCC[N+](CCC)(CCCCC)CCCCCC
1621,21,CCCCCCC[N+](CCC)(CCCCCC)C(C)CCC
1622,21,CCCCCCC[N+](CCC)(CCCCCC)CC(C)CC
1623,21,CCCCCCC[N+](CCC)(CCCCCC)CCC(C)C
1624,21,CCCCCCC[N+](CCC)(CCCCCCC)C(C)(C)C
1625,21,CCCCCCC[N+](CCC)(CCCCCCC)CC(C)C
1626,21,CCCCCCC[N+](CCCC)(C(C)CCC)C(C)CCC
1627,21,CCCCCCC[N+](CCCC)(CC(C)CC)C(C)CCC
1628,21,CCCCCCC[N+](CCCC)(CC(C)CC)CC(C)CC
1629,21,CCCCCCC[N+](CCCC)(CCC(C)C)C(C)CCC
1630,21,CCCCCCC[N+](CCCC)(CCC(C)C)CC(C)CC
1631,21,CCCCCCC[N+](CCCC)(CCC(C)C)CCC(C)C
1632,21,CCCCCCC[N+](CCCC)(CCCC)CCCCCC
1633,21,CCCCCCC[N+](CCCC)(CCCCC)C(C)CCC
1634,21,CCCCCCC[N+](CCCC)(CCCCC)CC(C)CC
1635,21,CCCCCCC[N+](CCCC)(CCCCC)CCC(C)C
1636,21,CCCCCCC[N+](CCCC)(CCCCC)CCCCC
1637,21,CCCCCCC[N+](CCCC)(CCCCCC)C(C)(C)C
1638,21,CCCCCCC[N+](CCCC)(CCCCCC)CC(C)C
1639,21,CCCCCCC[N+](CCCC)(CCCCCCC)C(C)C
1640,21,CCCCCCC[N+](CCCCC)(C(C)CCC)C(C)(C)C
1641,21,CCCCCCC[N+](CCCCC)(CC(C)C)C(C)CCC
1642,21,CCCCCCC[N+](CCCCC)(CC(C)C)CC(C)CC
1643,21,CCCCCCC[N+](CCCCC)(CC(C)CC)C(C)(C)C
1644,21,CCCCCCC[N+](CCCCC)(CCC(C)C)C(C)(C)C
1645,21,CCCCCCC[N+](CCCCC)(CCC(C)C)CC(C)C
1646,21,CCCCCCC[N+](CCCCC)(CCCCC)C(C)(C)C
1647,21,CCCCCCC[N+](CCCCC)(CCCCC)CC(C)C
1648,21,CCCCCCC[N+](CCCCC)(CCCCCC)C(C)C
1649,21,CCCCCCC[N+](CCCCCC)(C(C)(C)C)C(C)(C)C
1650,21,CCCCCCC[N+](CCCCCC)(C(C)C)C(C)CCC
1651,21,CCCCCCC[N+](CCCCCC)(CC(C)C)C(C)(C)C
1652,21,CCCCCCC[N+](CCCCCC)(CC(C)C)CC(C)C
1653,21,CCCCCCC[N+](CCCCCC)(CC(C)CC)C(C)C
1654,21,CCCCCCC[N+](CCCCCC)(CCC(C)C)C(C)C
1655,21,CCCCCCC[N+](CCCCCCC)(C(C)C)C(C)(C)C
1656,21,CCCCCCC[N+](CCCCCCC)(CC(C)C)C(C)C
1657,21,CCCCCC[N+](C(C)CCC)(C(C)CCC)C(C)CCC
1658,21,CCCCCC[N+](CC(C)CC)(C(C)CCC)C(C)CCC
1659,21,CCCCCC[N+](CC(C)CC)(CC(C)CC)C(C)CCC
1660,21,CCCCCC[N+](CC(C)CC)(CC(C)CC)CC(C)CC
1661,21,CCCCCC[N+](CCC(C)C)(C(C)CCC)C(C)CCC
1662,21,CCCCCC[N+](CCC(C)C)(CC(C)CC)C(C)CCC
1663,21,CCCCCC[N+](CCC(C)C)(CC(C)CC)CC(C)CC
1664,21,CCCCCC[N+](CCC(C)C)(CCC(C)C)C(C)CCC
1665,21,CCCCCC[N+](CCC(C)C)(CCC(C)C)CC(C)CC
1666,21,CCCCCC[N+](CCC(C)C)(CCC(C)C)CCC(C)C
1667,21,CCCCCC[N+](CCC)(CCCCCC)CCCCCC
1668,21,CCCCCC[N+](CCCC)(CCCCC)CCCCCC
1669,21,CCCCCC[N+](CCCC)(CCCCCC)C(C)CCC
1670,21,CCCCCC[N+](CCCC)(CCCCCC)CC(C)CC
1671,21,CCCCCC[N+](CCCC)(CCCCCC)CCC(C)C
1672,21,CCCCCC[N+](CCCCC)(C(C)CCC)C(C)CCC
1673,21,CCCCCC[N+](CCCCC)(CC(C)CC)C(C)CCC
1674,21,CCCCCC[N+](CCCCC)(CC(C)CC)CC(C)CC
1675,21,CCCCCC[N+](CCCCC)(CCC(C)C)C(C)CCC
1676,21,CCCCCC[N+](CCCCC)(CCC(C)C)CC(C)CC
1677,21,CCCCCC[N+](CCCCC)(CCC(C)C)CCC(C)C
1678,21,CCCCCC[N+](CCCCC)(CCCCC)C(C)CCC
1679,21,CCCCCC[N+](CCCCC)(CCCCC)CC(C)CC
1680,21,CCCCCC[N+](CCCCC)(CCCCC)CCC(C)C
1681,21,CCCCCC[N+](CCCCC)(CCCCC)CCCCC
1682,21,CCCCCC[N+](CCCCC)(CCCCCC)C(C)(C)C
1683,21,CCCCCC[N+](CCCCC)(CCCCCC)CC(C)C
1684,21,CCCCCC[N+](CCCCCC)(C(C)CCC)C(C)(C)C
1685,21,CCCCCC[N+](CCCCCC)(CC(C)C)C(C)CCC
1686,21,CCCCCC[N+](CCCCCC)(CC(C)C)CC(C)CC
1687,21,CCCCCC[N+](CCCCCC)(CC(C)CC)C(C)(C)C
1688,21,CCCCCC[N+](CCCCCC)(CCC(C)C)C(C)(C)C
1689,21,CCCCCC[N+](CCCCCC)(CCC(C)C)CC(C)C
1690,21,CCCCCC[N+](CCCCCC)(CCCCCC)C(C)C
1691,22,CCCCCCC[N+](C(C)CCC)(C(C)CCC)C(C)CCC
1692,22,CCCCCCC[N+](C)(CCCCCCC)CCCCCCC
1693,22,CCCCCCC[N+](CC(C)CC)(C(C)CCC)C(C)CCC
1694,22,CCCCCCC[N+](CC(C)CC)(CC(C)CC)C(C)CCC
1695,22,CCCCCCC[N+](CC(C)CC)(CC(C)CC)CC(C)CC
1696,22,CCCCCCC[N+](CC)(CCCCCC)CCCCCCC
1697,22,CCCCCCC[N+](CCC(C)C)(C(C)CCC)C(C)CCC
1698,22,CCCCCCC[N+](CCC(C)C)(CC(C)CC)C(C)CCC
1699,22,CCCCCCC[N+](CCC(C)C)(CC(C)CC)CC(C)CC
1700,22,CCCCCCC[N+](CCC(C)C)(CCC(C)C)C(C)CCC
1701,22,CCCCCCC[N+](CCC(C)C)(CCC(C)C)CC(C)CC
1702,22,CCCCCCC[N+](CCC(C)C)(CCC(C)C)CCC(C)C
1703,22,CCCCCCC[N+](CCC)(CCCCC)CCCCCCC
1704,22,CCCCCCC[N+](CCC)(CCCCCC)CCCCCC
1705,22,CCCCCCC[N+](CCC)(CCCCCCC)C(C)CCC
1706,22,CCCCCCC[N+](CCC)(CCCCCCC)CC(C)CC
1707,22,CCCCCCC[N+](CCC)(CCCCCCC)CCC(C)C
1708,22,CCCCCCC[N+](CCCC)(CCCC)CCCCCCC
1709,22,CCCCCCC[N+](CCCC)(CCCCC)CCCCCC
1710,22,CCCCCCC[N+](CCCC)(CCCCCC)C(C)CCC
1711,22,CCCCCCC[N+](CCCC)(CCCCCC)CC(C)CC
1712,22,CCCCCCC[N+](CCCC)(CCCCCC)CCC(C)C
1713,22,CCCCCCC[N+](CCCC)(CCCCCCC)C(C)(C)C
1714,22,CCCCCCC[N+](CCCC)(CCCCCCC)CC(C)C
1715,22,CCCCCCC[N+](CCCCC)(C(C)CCC)C(C)CCC
1716,22,CCCCCCC[N+](CCCCC)(CC(C)CC)C(C)CCC
1717,22,CCCCCCC[N+](CCCCC)(CC(C)CC)CC(C)CC
1718,22,CCCCCCC[N+](CCCCC)(CCC(C)C)C(C)CCC
1719,22,CCCCCCC[N+](CCCCC)(CCC(C)C)CC(C)CC
1720,22,CCCCCCC[N+](CCCCC)(CCC(C)C)CCC(C)C
1721,22,CCCCCCC[N+](CCCCC)(CCCCC)C(C)CCC
1722,22,CCCCCCC[N+](CCCCC)(CCCCC)CC(C)CC
1723,22,CCCCCCC[N+](CCCCC)(CCCCC)CCC(C)C
1724,22,CCCCCCC[N+](CCCCC)(CCCCC)CCCCC
1725,22,CCCCCCC[N+](CCCCC)(CCCCCC)C(C)(C)C
1726,22,CCCCCCC[N+](CCCCC)(CCCCCC)CC(C)C
1727,22,CCCCCCC[N+](CCCCC)(CCCCCCC)C(C)C
1728,22,CCCCCCC[N+](CCCCCC)(C(C)CCC)C(C)(C)C
1729,22,CCCCCCC[N+](CCCCCC)(CC(C)C)C(C)CCC
1730,22,CCCCCCC[N+](CCCCCC)(CC(C)C)CC(C)CC
1731,22,CCCCCCC[N+](CCCCCC)(CC(C)CC)C(C)(C)C
1732,22,CCCCCCC[N+](CCCCCC)(CCC(C)C)C(C)(C)C
1733,22,CCCCCCC[N+](CCCCCC)(CCC(C)C)CC(C)C
1734,22,CCCCCCC[N+](CCCCCC)(CCCCCC)C(C)C
1735,22,CCCCCCC[N+](CCCCCCC)(C(C)(C)C)C(C)(C)C
1736,22,CCCCCCC[N+](CCCCCCC)(C(C)C)C(C)CCC
1737,22,CCCCCCC[N+](CCCCCCC)(CC(C)C)C(C)(C)C
1738,22,CCCCCCC[N+](CCCCCCC)(CC(C)C)CC(C)C
1739,22,CCCCCCC[N+](CCCCCCC)(CC(C)CC)C(C)C
1740,22,CCCCCCC[N+](CCCCCCC)(CCC(C)C)C(C)C
1741,22,CCCCCC[N+](CCCC)(CCCCCC)CCCCCC
1742,22,CCCCCC[N+](CCCCC)(CCCCC)CCCCCC
1743,22,CCCCCC[N+](CCCCC)(CCCCCC)C(C)CCC
1744,22,CCCCCC[N+](CCCCC)(CCCCCC)CC(C)CC
1745,22,CCCCCC[N+](CCCCC)(CCCCCC)CCC(C)C
1746,22,CCCCCC[N+](CCCCCC)(C(C)CCC)C(C)CCC
1747,22,CCCCCC[N+](CCCCCC)(CC(C)CC)C(C)CCC
1748,22,CCCCCC[N+](CCCCCC)(CC(C)CC)CC(C)CC
1749,22,CCCCCC[N+](CCCCCC)(CCC(C)C)C(C)CCC
1750,22,CCCCCC[N+](CCCCCC)(CCC(C)C)CC(C)CC
1751,22,CCCCCC[N+](CCCCCC)(CCC(C)C)CCC(C)C
1752,22,CCCCCC[N+](CCCCCC)(CCCCCC)C(C)(C)C
1753,22,CCCCCC[N+](CCCCCC)(CCCCCC)CC(C)C
1754,23,CCCCCCC[N+](CC)(CCCCCCC)CCCCCCC
1755,23,CCCCCCC[N+](CCC)(CCCCCC)CCCCCCC
1756,23,CCCCCCC[N+](CCCC)(CCCCC)CCCCCCC
1757,23,CCCCCCC[N+](CCCC)(CCCCCC)CCCCCC
1758,23,CCCCCCC[N+](CCCC)(CCCCCCC)C(C)CCC
1759,23,CCCCCCC[N+](CCCC)(CCCCCCC)CC(C)CC
1760,23,CCCCCCC[N+](CCCC)(CCCCCCC)CCC(C)C
1761,23,CCCCCCC[N+](CCCCC)(CCCCC)CCCCCC
1762,23,CCCCCCC[N+](CCCCC)(CCCCCC)C(C)CCC
1763,23,CCCCCCC[N+](CCCCC)(CCCCCC)CC(C)CC
1764,23,CCCCCCC[N+](CCCCC)(CCCCCC)CCC(C)C
1765,23,CCCCCCC[N+](CCCCC)(CCCCCCC)C(C)(C)C
1766,23,CCCCCCC[N+](CCCCC)(CCCCCCC)CC(C)C
1767,23,CCCCCCC[N+](CCCCCC)(C(C)CCC)C(C)CCC
1768,23,CCCCCCC[N+](CCCCCC)(CC(C)CC)C(C)CCC
1769,23,CCCCCCC[N+](CCCCCC)(CC(C)CC)CC(C)CC
1770,23,CCCCCCC[N+](CCCCCC)(CCC(C)C)C(C)CCC
1771,23,CCCCCCC[N+](CCCCCC)(CCC(C)C)CC(C)CC
1772,23,CCCCCCC[N+](CCCCCC)(CCC(C)C)CCC(C)C
1773,23,CCCCCCC[N+](CCCCCC)(CCCCCC)C(C)(C)C
1774,23,CCCCCCC[N+](CCCCCC)(CCCCCC)CC(C)C
1775,23,CCCCCCC[N+](CCCCCC)(CCCCCCC)C(C)C
1776,23,CCCCCCC[N+](CCCCCCC)(C(C)CCC)C(C)(C)C
1777,23,CCCCCCC[N+](CCCCCCC)(CC(C)C)C(C)CCC
1778,23,CCCCCCC[N+](CCCCCCC)(CC(C)C)CC(C)CC
1779,23,CCCCCCC[N+](CCCCCCC)(CC(C)CC)C(C)(C)C
1780,23,CCCCCCC[N+](CCCCCCC)(CCC(C)C)C(C)(C)C
1781,23,CCCCCCC[N+](CCCCCCC)(CCC(C)C)CC(C)C
1782,23,CCCCCC[N+](CCCCC)(CCCCCC)CCCCCC
1783,23,CCCCCC[N+](CCCCCC)(CCCCCC)C(C)CCC
1784,23,CCCCCC[N+](CCCCCC)(CCCCCC)CC(C)CC
1785,23,CCCCCC[N+](CCCCCC)(CCCCCC)CCC(C)C
1786,24,CCCCCCC[N+](CCC)(CCCCCCC)CCCCCCC
1787,24,CCCCCCC[N+](CCCC)(CCCCCC)CCCCCCC
1788,24,CCCCCCC[N+](CCCCC)(CCCCC)CCCCCCC
1789,24,CCCCCCC[N+](CCCCC)(CCCCCC)CCCCCC
1790,24,CCCCCCC[N+](CCCCC)(CCCCCCC)C(C)CCC
1791,24,CCCCCCC[N+](CCCCC)(CCCCCCC)CC(C)CC
1792,24,CCCCCCC[N+](CCCCC)(CCCCCCC)CCC(C)C
1793,24,CCCCCCC[N+](CCCCCC)(CCCCCC)C(C)CCC
1794,24,CCCCCCC[N+](CCCCCC)(CCCCCC)CC(C)CC
1795,24,CCCCCCC[N+](CCCCCC)(CCCCCC)CCC(C)C
1796,24,CCCCCCC[N+](CCCCCC)(CCCCCCC)C(C)(C)C
1797,24,CCCCCCC[N+](CCCCCC)(CCCCCCC)CC(C)C
1798,24,CCCCCCC[N+](CCCCCCC)(C(C)CCC)C(C)CCC
1799,24,CCCCCCC[N+](CCCCCCC)(CC(C)CC)C(C)CCC
1800,24,CCCCCCC[N+](CCCCCCC)(CC(C)CC)CC(C)CC
1801,24,CCCCCCC[N+](CCCCCCC)(CCC(C)C)C(C)CCC
1802,24,CCCCCCC[N+](CCCCCCC)(CCC(C)C)CC(C)CC
1803,24,CCCCCCC[N+](CCCCCCC)(CCC(C)C)CCC(C)C
1804,24,CCCCCCC[N+](CCCCCCC)(CCCCCCC)C(C)C
1805,24,CCCCCC[N+](CCCCCC)(CCCCCC)CCCCCC
